candidate_id,commit_ref,source_manifest_sha256,case,benchmark_status,cycles,validation,toolchain,flags,evidence
fir-mirrored-scalar-v1,Benchmark-Revision: fir-mirrored-scalar-v1,108d76d6d3fcea2ec3a063d3da24351bfa4d928f02a40ece39d538900b7706ab,all,not_measured,,host-correctness-only,Clang 22.1.3,-O3 -ffast-math,runs/fir-host/Testing/Temporary/LastTest.log
fir-mirrored-mve-v1,Benchmark-Revision: fir-mirrored-mve-v1,fda97e31519e30a863e6905e3afa3f7617c6355180c446b0e52e0911113c0653,all,not_measured,,host and MRAM target correctness; MPU/TCM/PMU pending,AC6 6.24,-O3 -ffast-math -fno-lto,runs/fir-reference/target-result.json
fir-mirrored-mve-v1-safety,Benchmark-Revision: fir-mirrored-mve-v1-safety,4360cfda5b44ec926d42d29ab5d048f93e9d15c3449e0f1ab079f14afe76e641,all,not_measured,,6460 MPU cases and read/write fault controls; host and MRAM regression pass,AC6 6.24,-O3 -ffast-math -fno-lto,runs/fir-guard/
fir-mirrored-mve-v1-tcm-pmu,Benchmark-Revision: fir-mirrored-mve-v1-tcm-pmu,ecd9e005004555dc794d5ab3ccaa710c2af54567e324a7e37a27e84fe5bdfda5,all,not_measured,,raw TCM captures retained; full qualification withheld for excessive harness overhead,AC6 6.24,-O3 -ffast-math -fno-lto -mexecute-only,"runs/fir-tcm/capture-{4,5}/report.json"
fir-mirrored-mve-v1-bound-pmu,Benchmark-Revision: fir-mirrored-mve-v1-bound-pmu,9aa57b850cdb8c8b7f1025047a3c2b32a3ebd400c3872bfef82ebeb6363d4f42,all,not_measured,,committed protocol build before target verification,AC6 6.24,-O3 -ffast-math -fno-lto -mexecute-only,runs/fir-r4/
fir-mirrored-mve-v1-readback-fix,Benchmark-Revision: fir-mirrored-mve-v1-readback-fix,0b1f77bd7c71a9c44656dc2956a6ce41511f19eac37757b415f0241f1595bd63,all,not_measured,,evidence-tool fix; raw captures valid but final parity not achieved,AC6 6.24,-O3 -ffast-math -fno-lto -mexecute-only,runs/fir-r4/pair.json
fir-linear8-v1,Benchmark-Revision: fir-linear8-v1,d13d6053b67aad7ccf25376746d45fb90058a561fd316f2421825f0c70a72994,all,measured_parity_failed,,qualified323 matrix;276 losses; B512 N128 candidate51962 baseline44081,AC6 6.24,-O3 -ffast-math -fno-lto -mexecute-only,runs/fir-r4/linear8-capture-1/report.json
fir-scheduled8-v1,Benchmark-Revision: fir-scheduled8-v1,9e4eda3894070dc84d33ac22606c4bbb43ba58a0c8e676849509e3c63859c4fd,all,measured_parity_failed,,qualified323;257 losses; B512N128=92750.234375 vs44081.25; tiny large blocks improve,AC6 6.24,-O3 -ffast-math -fno-lto -mexecute-only,runs/fir-r4/scheduled-capture-1/report.json
fir-interleave16-v1,Benchmark-Revision: fir-interleave16-v1,a8cabf575d339a8ce24047da96a14ddbb47e5ff58826ea4bb5e6e4b55ce562e9,all,measured_parity_failed,,qualified323;202 losses; B512N128=43299.234375 vs44081.25,AC6 6.24,-O3 -ffast-math -fno-lto -mexecute-only,runs/fir-r4/interleave16-capture-1/report.json
fir-fixed8-v1,Benchmark-Revision: fir-fixed8-v1,ed216388d6e139e692cb8b93b5cd1ac054eff5928b0d8b6510d2178407696e73,all,measured_parity_failed,,qualified 323-case capture; 170 parity failures; host and target safety pass,AC6 6.24,-O3 -ffast-math -fno-lto -mexecute-only,runs/fir-r4/fixed8-capture-1/report.json
fir-direct8-v1,Benchmark-Revision: fir-direct8-v1,0899dc91e71cd6319219148bfa6bc4814721313b3c7127183fad12b4d75ea4cb,all,measured_parity_failed,,qualified 323-case capture; 149 parity failures; numerical and safety pass,AC6 6.24,-O3 -ffast-math -fno-lto -mexecute-only,runs/fir-r4/direct8-capture-1/report.json
fir-direct32-v1,Benchmark-Revision: fir-direct32-v1,10a0f52245c4293277905080cca92211dcbc21e1570374cabe0067f5c00cdf9d,all,measured_parity_failed,,qualified323;134 parity failures; short-block N16 regression retained,AC6 6.24,-O3 -ffast-math -fno-lto -mexecute-only,runs/fir-r4/direct32-capture-1/report.json
fir-seeded-v1,Benchmark-Revision: fir-seeded-v1,6c8b1e8f1641b9d58e8d62c1434d54baf87c0b430f6e3d9896900c4b0e8cbf64,all,measured_parity_failed,,qualified323;130 parity failures; B512N16 wins but B1N16 regression remains,AC6 6.24,-O3 -ffast-math -fno-lto -mexecute-only,runs/fir-r4/seeded-capture-1/report.json
fir-paired-short-v1,Benchmark-Revision: fir-paired-short-v1,3f6e912c5bdf158fb0a2087a6201d2dd8b503b20b0282a8342a1598ad8cfa25f,all,measured_parity_failed,,qualified323;113 parity failures; broad small-tap short routing regresses,AC6 6.24,-O3 -ffast-math -fno-lto -mexecute-only,runs/fir-r4/paired-short-capture-1/report.json
fir-tail16-v1,Benchmark-Revision: fir-tail16-v1,a73a96594778ecd2c6aca1939d2adbece05fc18b16863ff0522ba86b49f2a642,all,measured_parity_failed,,qualified323;84 parity failures; all N33/N128 win,AC6 6.24,-O3 -ffast-math -fno-lto -mexecute-only,runs/fir-r4/tail16-capture-1/report.json
fir-small-v1,Benchmark-Revision: fir-small-v1,579b7e14c37015de2503ee80e506c253c8cd1b6224158e801c31ba31c1df8105,all,measured_parity_failed,,qualified323;74 parity failures; full28 scaling report a0.651924,AC6 6.24,-O3 -ffast-math -fno-lto -mexecute-only,runs/fir-r4/small-capture-1/report.json
fir-dispatch-v1,Benchmark-Revision: fir-dispatch-v1,bd39c2d23af0a37962a1c522fb8eab59fc583dd38782b13f23d03c4639d7cd49,all,measured_parity_failed,,qualified323;47 parity failures; all N1/N2/N5 win; full28 scaling report,AC6 6.24,-O3 -ffast-math -fno-lto -mexecute-only,runs/fir-r4/dispatch-capture-1/report.json
fir-window-tail-v1,Benchmark-Revision: fir-window-tail-v1,5092ad340c98ca39a2d008eec3ecbcd4a91a71524530d03d9c096847d682ce8c,all,measured_parity_failed,,qualified323;33 parity failures; safety complete; full28 scaling report,AC6 6.24,-O3 -ffast-math -fno-lto -mexecute-only,runs/fir-r4/window-tail-capture-1/report.json
fir-fixed-tail-loops-v1,Benchmark-Revision: fir-fixed-tail-loops-v1,551f8d367017366e9c9193111759ea147fa5122d7323631e1924bddafda9d2e3,all,measured_parity_failed,,qualified323;35 parity failures; recovered original uninterrupted run; N8 long path regresses,AC6 6.24,-O3 -ffast-math -fno-lto -mexecute-only,runs/fir-r4/fixed-tail-loops-capture-1/report.json
fir-medium-window-v1,Benchmark-Revision: fir-medium-window-v1,1c9e541afec0404d1d2e8f01f0d6b0d88d4725de8728dc896c22533ad4e45735,all,measured_parity_failed,,qualified323;20 parity failures; complete safety; full28 scaling report a0.650343,AC6 6.24,-O3 -ffast-math -fno-lto -mexecute-only,runs/fir-r4/medium-window-capture-1/report.json
fir-fixed-boundary-v1,Benchmark-Revision: fir-fixed-boundary-v1,6aa4160900170793fa82520485de19ec3f8634b0198d98380c55011872c50f18,all,measured_parity_failed,,qualified323;15 parity failures; longN8 passes; complete safety and full28 scaling,AC6 6.24,-O3 -ffast-math -fno-lto -mexecute-only,runs/fir-r4/fixed-boundary-capture-1/report.json
fir-short-output-v1,Benchmark-Revision: fir-short-output-v1,d0ac46318b455f132909b3a3d97b8ef4a674f9ee6ebe7def036b54fedc740fc3,all,measured_parity_failed,,qualified323;13 parity failures; complete safety and full28 scaling; slow startup recovered,AC6 6.24,-O3 -ffast-math -fno-lto -mexecute-only,runs/fir-r4/short-output-capture-1/report.json
fir-medium-bounds-v1,Benchmark-Revision: fir-medium-bounds-v1,c80bfb3d86c50e4c761dc58cfb262204a1192ca639fd935cc0753f8c28972766,all,measured_parity_failed,,qualified323;7 parity failures; full safety and all28 scaling; complete opaque readback,AC6 6.24,-O3 -ffast-math -fno-lto -mexecute-only,runs/fir-r4/medium-bounds-capture-1/report.json
fir-tiny4-split-v1,Benchmark-Revision: fir-tiny4-split-v1,d9a462a8bac9d13a427a231a0e660e86a12789bbc8471a77ce24adb130ab655d,all,measured_parity_failed,,qualified323;7 parity failures; tiny4 B2/B3/B7 improved to58/60/72; full safety and28 scaling,AC6 6.24,-O3 -ffast-math -fno-lto -mexecute-only,runs/fir-r4/tiny4-split-capture-1/report.json
fir-tiny4-short-v1,Benchmark-Revision: fir-tiny4-short-v1,c1a59ed5f662eaf183a9af247835a39122d9a6f227ddbe44bdaf8066dc56ba69,all,measured_parity_failed,,qualified323;6 parity failures;B2N4 passes53.036/55.052;B3N4=57.036;B7N4 regresses79.058;full safety and28 scaling,AC6 6.24,-O3 -ffast-math -fno-lto -mexecute-only,runs/fir-r5/tiny4-short-capture-1/report.json
fir-tiny4-leaf-v1,Benchmark-Revision: fir-tiny4-leaf-v1,7a618e4240f48b061536dff7d0e60445ed8c21e275f3240ead2382782d9fb684,all,measured_parity_failed,,qualified323;9 losses;rejected regression;full safety and28 scaling;N4 B1/2/3/4/5/7=68/71/71/56/94/97,AC6 6.24,-O3 -ffast-math -fno-lto -mexecute-only,runs/fir-r5/tiny4-leaf-capture-1/report.json
fir-tiny4-vector-coeff-v1,Benchmark-Revision: fir-tiny4-vector-coeff-v1,afc61062b2191c7658b11e95cd81dfbf15d57bcee5e4f9524c0fa359c4f3f25f,all,measured_parity_failed,,qualified323;8 losses;rejected relative to six-loss short;full safety and28 scaling;N4 B1/2/3/4/5/7=53/68/69/53/84/87,AC6 6.24,-O3 -ffast-math -fno-lto -mexecute-only,runs/fir-r5/tiny4-vector-coeff-capture-1/report.json
fir-tiny4-restored-v1,Benchmark-Revision: fir-tiny4-restored-v1,62bf86dea746dc05ed96b950993d49f8dac59855d59c6e511e0fc36f203db361,all,measured_parity_failed,,committed240d30c;qualified323;6 parity failures;fresh full safety and opaque image readback;28 scaling;no final pair,AC6 6.24,-O3 -ffast-math -fno-lto -mexecute-only,runs/fir-r6/restored-capture-1/report.json
fir-tiny4-noalias-v1,Benchmark-Revision: fir-tiny4-noalias-v1,c7a6d80bacd57002c0bebff5cdb2e0fd0be1798ae785a62c9358b616bba0385a,all,measured_parity_failed,,committed0d4774b;qualified323;5 parity failures;B3N4 passes53.036/55.052;B7N4 improves76.058 but misses71.052;full safety/readback;28 scaling;no final pair,AC6 6.24,-O3 -ffast-math -fno-lto -mexecute-only,runs/fir-r6/noalias-capture-1/report.json
fir-tiny4-noalias-v1,Benchmark-Revision: fir-r6-noalias-evidence,c7a6d80bacd57002c0bebff5cdb2e0fd0be1798ae785a62c9358b616bba0385a,all,measured_parity_failed,,Evidence-only commit;measured source0d4774b unchanged;5 parity failures;accepted cycles remain blank,AC6 6.24,-O3 -ffast-math -fno-lto -mexecute-only,runs/fir-r6/noalias-capture-1/report.json
fir-tiny4-noalias-v1,Benchmark-Revision: fir-pair-parity-gate,,all,not_measured,,Pair acceptance fix only;firmware unchanged;18 negative controls and synthetic positive pass;real five-loss pair rejected,Python 3.13,raw-inclusive policy unchanged,runs\fir-r7\checker-controls
fir-direct16-64-v1,Benchmark-Revision: fir-direct16-64-v1,edcca2ced20f9326e562cfc434cea1e3ff17ea5c7d8edcaace08fd854aa21d9d,all,measured_parity_failed,,committed54b795f;qualified323;1 parity failure B7N4=76.058105/71.051758;N16 and N64 target losses fixed;full safety/readback;28 scaling;no final pair,AC6 6.24,-O3 -ffast-math -fno-lto -mexecute-only,runs/fir-r7/direct-capture-1/report.json
fir-direct16-64-v1,Benchmark-Revision: fir-r7-direct-evidence,edcca2ced20f9326e562cfc434cea1e3ff17ea5c7d8edcaace08fd854aa21d9d,all,measured_parity_failed,,Evidence-only commit;measured54b795f unchanged;losses5->1;accepted cycles remain blank,AC6 6.24,-O3 -ffast-math -fno-lto -mexecute-only,runs/fir-r7/direct-capture-1/report.json
fir-tiny4-overlap-v1,Benchmark-Revision: fir-tiny4-overlap-v1,b01e6afb4f5b11c53384192797b5bbed5c694c59cbacb8c6ab458f864811ac45,all,rejected_parity_regression,,Full safety;qualified323;5 losses;B7=75.058/71.052;new B1/B4/B5/B8 losses;28 scaling,AC6 6.24,-O3 -ffast-math -fno-lto -mexecute-only,runs/fir-r8/overlap-capture-1/report.json
fir-tiny4-overlap-branch-v1,Benchmark-Revision: fir-tiny4-overlap-branch-v1,fc924a96b117f2c4e4fc55f976f22ca784b53a5ead335be4d366f817297c5a50,all,not_measured,,"Committed9314acd;host7/7,target2261/lifecycle,38 readbacks pass;not selected for timing after owned codegen adds d8/d9 saves;no MPU/control/timing claim",AC6 6.24,-O3 -ffast-math -fno-lto -mexecute-only,runs/fir-r8/overlap-branch-host-tests.log
fir-tiny4-overlap-scheduled-v1,Benchmark-Revision: fir-tiny4-overlap-scheduled-v1,57144e0d4bf8da03a0e89952515ca2d9c8d8d223255648f42bf19a5c5fbfc913,all,rejected_parity_regression,,Committed87ecc66;full safety;qualified323/47 readbacks/28 scaling;4 losses;B7=77.058105/71.051758;new B1/B4/B5 misses;no final pair,AC6 6.24,-O3 -ffast-math -fno-lto -mexecute-only,runs/fir-r8/scheduled-capture-1/report.json
fir-tiny4-overlap-scheduled-v1,Benchmark-Revision: fir-r8-overlap-evidence,57144e0d4bf8da03a0e89952515ca2d9c8d8d223255648f42bf19a5c5fbfc913,all,rejected_parity_regression,,Evidence-only commit;measured87ecc66 unchanged;best measured remains54b795f;accepted cycles blank,AC6 6.24,-O3 -ffast-math -fno-lto -mexecute-only,runs/fir-r8/scheduled-capture-1/report.json
fir-tiny4-gpr-v1,Benchmark-Revision: fir-tiny4-gpr-v1,55687970bf420d50f32688973b21c72d07d241b4cb40b01a3f48d843cb47a992,all,rejected_parity_regression,,Committed6456a49;full safety;qualified323/47 blocks/28 scaling;2 losses B5/B7N4=74.050781/71.051758;best54b795f unchanged,AC6 6.24,-O3 -ffast-math -fno-lto -mexecute-only,runs/fir-r9/gpr-capture-1/report.json
fir-tiny4-gpr-tails-v1,Benchmark-Revision: fir-tiny4-gpr-tails-v1,59dd2a3ceec29475a7db45f8c6382a49c5e7fa6bef6797b7cdadec89c67e4580,all,rejected_parity_regression,,Committed7e43f87;full safety;qualified323;B7 fixed70.051/71.052;sole B5 miss75.051/71.052,AC6 6.24,-O3 -ffast-math -fno-lto -mexecute-only,runs/fir-r9/gpr-tails-capture-1/report.json
fir-tiny4-gpr-window-v1,Benchmark-Revision: fir-tiny4-gpr-window-v1,b43cf6f34d41cfd82528add4169c48a1cae161f1cf12eb0835823b7395303358,all,rejected_parity_regression,,Committed97194ca;full safety;qualified323/47 blocks/28 scaling;B7 fixed70.051/71.052;sole B5 miss72.051/71.052;no final pair/T9,AC6 6.24,-O3 -ffast-math -fno-lto -mexecute-only,runs/fir-r9/gpr-window-capture-1/report.json
fir-tiny4-reduce-v1,uncommitted archived experiment,ecd2a4e5dcb8415adae764ba15f57e29dee021a25a82a992a07b418275d53af6,all,not_measured,,Host7/7 only;archived following user acceptance amendment;no target claims,host Clang,-O3 -ffast-math,runs/fir-r10/reduce-host-tests.log
fir-pair-allowance-v1,Benchmark-Revision: fir-pair-allowance-v1,b075704b3ca295ed75cc707cf79a46773f1e69ac72e07260ebb4846bb1f43c3a,all,not_measured,,Checker-only user-approved allowance;18+10 controls and strict positive pass;firmware unchanged,Python3.13,none,runs/fir-r10/allowance-controls
fir-tiny4-gpr-window-v1,97194ca32110e32955f37bdc070d1b49a0741f2f,b43cf6f34d41cfd82528add4169c48a1cae161f1cf12eb0835823b7395303358,capture1:B1:N1,accepted_with_user_allowance,32.037353515625,CMSIS=55.04541015625;delta=-23.008056640625;allowance=2;strict_parity=True;pair/T9 pass,AC6 6.24,-O3 -ffast-math -fno-lto -mexecute-only,runs/fir-r9/gpr-window-capture-1/report.json
fir-tiny4-gpr-window-v1,97194ca32110e32955f37bdc070d1b49a0741f2f,b43cf6f34d41cfd82528add4169c48a1cae161f1cf12eb0835823b7395303358,capture1:B1:N2,accepted_with_user_allowance,37.02978515625,CMSIS=55.04541015625;delta=-18.015625;allowance=2;strict_parity=True;pair/T9 pass,AC6 6.24,-O3 -ffast-math -fno-lto -mexecute-only,runs/fir-r9/gpr-window-capture-1/report.json
fir-tiny4-gpr-window-v1,97194ca32110e32955f37bdc070d1b49a0741f2f,b43cf6f34d41cfd82528add4169c48a1cae161f1cf12eb0835823b7395303358,capture1:B1:N3,accepted_with_user_allowance,45.02978515625,CMSIS=54.04541015625;delta=-9.015625;allowance=2;strict_parity=True;pair/T9 pass,AC6 6.24,-O3 -ffast-math -fno-lto -mexecute-only,runs/fir-r9/gpr-window-capture-1/report.json
fir-tiny4-gpr-window-v1,97194ca32110e32955f37bdc070d1b49a0741f2f,b43cf6f34d41cfd82528add4169c48a1cae161f1cf12eb0835823b7395303358,capture1:B1:N4,accepted_with_user_allowance,38.02978515625,CMSIS=55.04541015625;delta=-17.015625;allowance=2;strict_parity=True;pair/T9 pass,AC6 6.24,-O3 -ffast-math -fno-lto -mexecute-only,runs/fir-r9/gpr-window-capture-1/report.json
fir-tiny4-gpr-window-v1,97194ca32110e32955f37bdc070d1b49a0741f2f,b43cf6f34d41cfd82528add4169c48a1cae161f1cf12eb0835823b7395303358,capture1:B1:N5,accepted_with_user_allowance,78.05078125,CMSIS=86.0517578125;delta=-8.0009765625;allowance=2;strict_parity=True;pair/T9 pass,AC6 6.24,-O3 -ffast-math -fno-lto -mexecute-only,runs/fir-r9/gpr-window-capture-1/report.json
fir-tiny4-gpr-window-v1,97194ca32110e32955f37bdc070d1b49a0741f2f,b43cf6f34d41cfd82528add4169c48a1cae161f1cf12eb0835823b7395303358,capture1:B1:N6,accepted_with_user_allowance,88.05078125,CMSIS=93.0517578125;delta=-5.0009765625;allowance=2;strict_parity=True;pair/T9 pass,AC6 6.24,-O3 -ffast-math -fno-lto -mexecute-only,runs/fir-r9/gpr-window-capture-1/report.json
fir-tiny4-gpr-window-v1,97194ca32110e32955f37bdc070d1b49a0741f2f,b43cf6f34d41cfd82528add4169c48a1cae161f1cf12eb0835823b7395303358,capture1:B1:N7,accepted_with_user_allowance,76.05078125,CMSIS=93.0517578125;delta=-17.0009765625;allowance=2;strict_parity=True;pair/T9 pass,AC6 6.24,-O3 -ffast-math -fno-lto -mexecute-only,runs/fir-r9/gpr-window-capture-1/report.json
fir-tiny4-gpr-window-v1,97194ca32110e32955f37bdc070d1b49a0741f2f,b43cf6f34d41cfd82528add4169c48a1cae161f1cf12eb0835823b7395303358,capture1:B1:N8,accepted_with_user_allowance,81.05078125,CMSIS=94.04443359375;delta=-12.99365234375;allowance=2;strict_parity=True;pair/T9 pass,AC6 6.24,-O3 -ffast-math -fno-lto -mexecute-only,runs/fir-r9/gpr-window-capture-1/report.json
fir-tiny4-gpr-window-v1,97194ca32110e32955f37bdc070d1b49a0741f2f,b43cf6f34d41cfd82528add4169c48a1cae161f1cf12eb0835823b7395303358,capture1:B1:N9,accepted_with_user_allowance,100.0625,CMSIS=136.064453125;delta=-36.001953125;allowance=2;strict_parity=True;pair/T9 pass,AC6 6.24,-O3 -ffast-math -fno-lto -mexecute-only,runs/fir-r9/gpr-window-capture-1/report.json
fir-tiny4-gpr-window-v1,97194ca32110e32955f37bdc070d1b49a0741f2f,b43cf6f34d41cfd82528add4169c48a1cae161f1cf12eb0835823b7395303358,capture1:B1:N15,accepted_with_user_allowance,134.0625,CMSIS=156.064453125;delta=-22.001953125;allowance=2;strict_parity=True;pair/T9 pass,AC6 6.24,-O3 -ffast-math -fno-lto -mexecute-only,runs/fir-r9/gpr-window-capture-1/report.json
fir-tiny4-gpr-window-v1,97194ca32110e32955f37bdc070d1b49a0741f2f,b43cf6f34d41cfd82528add4169c48a1cae161f1cf12eb0835823b7395303358,capture1:B1:N16,accepted_with_user_allowance,141.0625,CMSIS=156.064453125;delta=-15.001953125;allowance=2;strict_parity=True;pair/T9 pass,AC6 6.24,-O3 -ffast-math -fno-lto -mexecute-only,runs/fir-r9/gpr-window-capture-1/report.json
fir-tiny4-gpr-window-v1,97194ca32110e32955f37bdc070d1b49a0741f2f,b43cf6f34d41cfd82528add4169c48a1cae161f1cf12eb0835823b7395303358,capture1:B1:N17,accepted_with_user_allowance,142.0625,CMSIS=199.064453125;delta=-57.001953125;allowance=2;strict_parity=True;pair/T9 pass,AC6 6.24,-O3 -ffast-math -fno-lto -mexecute-only,runs/fir-r9/gpr-window-capture-1/report.json
fir-tiny4-gpr-window-v1,97194ca32110e32955f37bdc070d1b49a0741f2f,b43cf6f34d41cfd82528add4169c48a1cae161f1cf12eb0835823b7395303358,capture1:B1:N31,accepted_with_user_allowance,218.0859375,CMSIS=277.08984375;delta=-59.00390625;allowance=2;strict_parity=True;pair/T9 pass,AC6 6.24,-O3 -ffast-math -fno-lto -mexecute-only,runs/fir-r9/gpr-window-capture-1/report.json
fir-tiny4-gpr-window-v1,97194ca32110e32955f37bdc070d1b49a0741f2f,b43cf6f34d41cfd82528add4169c48a1cae161f1cf12eb0835823b7395303358,capture1:B1:N32,accepted_with_user_allowance,222.0859375,CMSIS=277.08984375;delta=-55.00390625;allowance=2;strict_parity=True;pair/T9 pass,AC6 6.24,-O3 -ffast-math -fno-lto -mexecute-only,runs/fir-r9/gpr-window-capture-1/report.json
fir-tiny4-gpr-window-v1,97194ca32110e32955f37bdc070d1b49a0741f2f,b43cf6f34d41cfd82528add4169c48a1cae161f1cf12eb0835823b7395303358,capture1:B1:N33,accepted_with_user_allowance,100.431640625,CMSIS=313.064453125;delta=-212.6328125;allowance=2;strict_parity=True;pair/T9 pass,AC6 6.24,-O3 -ffast-math -fno-lto -mexecute-only,runs/fir-r9/gpr-window-capture-1/report.json
fir-tiny4-gpr-window-v1,97194ca32110e32955f37bdc070d1b49a0741f2f,b43cf6f34d41cfd82528add4169c48a1cae161f1cf12eb0835823b7395303358,capture1:B1:N64,accepted_with_user_allowance,131.744140625,CMSIS=505.064453125;delta=-373.3203125;allowance=2;strict_parity=True;pair/T9 pass,AC6 6.24,-O3 -ffast-math -fno-lto -mexecute-only,runs/fir-r9/gpr-window-capture-1/report.json
fir-tiny4-gpr-window-v1,97194ca32110e32955f37bdc070d1b49a0741f2f,b43cf6f34d41cfd82528add4169c48a1cae161f1cf12eb0835823b7395303358,capture1:B1:N128,accepted_with_user_allowance,193.369140625,CMSIS=961.064453125;delta=-767.6953125;allowance=2;strict_parity=True;pair/T9 pass,AC6 6.24,-O3 -ffast-math -fno-lto -mexecute-only,runs/fir-r9/gpr-window-capture-1/report.json
fir-tiny4-gpr-window-v1,97194ca32110e32955f37bdc070d1b49a0741f2f,b43cf6f34d41cfd82528add4169c48a1cae161f1cf12eb0835823b7395303358,capture1:B2:N1,accepted_with_user_allowance,32.037353515625,CMSIS=55.04541015625;delta=-23.008056640625;allowance=2;strict_parity=True;pair/T9 pass,AC6 6.24,-O3 -ffast-math -fno-lto -mexecute-only,runs/fir-r9/gpr-window-capture-1/report.json
fir-tiny4-gpr-window-v1,97194ca32110e32955f37bdc070d1b49a0741f2f,b43cf6f34d41cfd82528add4169c48a1cae161f1cf12eb0835823b7395303358,capture1:B2:N2,accepted_with_user_allowance,47.02978515625,CMSIS=55.04541015625;delta=-8.015625;allowance=2;strict_parity=True;pair/T9 pass,AC6 6.24,-O3 -ffast-math -fno-lto -mexecute-only,runs/fir-r9/gpr-window-capture-1/report.json
fir-tiny4-gpr-window-v1,97194ca32110e32955f37bdc070d1b49a0741f2f,b43cf6f34d41cfd82528add4169c48a1cae161f1cf12eb0835823b7395303358,capture1:B2:N3,accepted_with_user_allowance,52.0361328125,CMSIS=54.0517578125;delta=-2.015625;allowance=2;strict_parity=True;pair/T9 pass,AC6 6.24,-O3 -ffast-math -fno-lto -mexecute-only,runs/fir-r9/gpr-window-capture-1/report.json
fir-tiny4-gpr-window-v1,97194ca32110e32955f37bdc070d1b49a0741f2f,b43cf6f34d41cfd82528add4169c48a1cae161f1cf12eb0835823b7395303358,capture1:B2:N4,accepted_with_user_allowance,52.0361328125,CMSIS=55.0517578125;delta=-3.015625;allowance=2;strict_parity=True;pair/T9 pass,AC6 6.24,-O3 -ffast-math -fno-lto -mexecute-only,runs/fir-r9/gpr-window-capture-1/report.json
fir-tiny4-gpr-window-v1,97194ca32110e32955f37bdc070d1b49a0741f2f,b43cf6f34d41cfd82528add4169c48a1cae161f1cf12eb0835823b7395303358,capture1:B2:N5,accepted_with_user_allowance,78.05078125,CMSIS=86.0517578125;delta=-8.0009765625;allowance=2;strict_parity=True;pair/T9 pass,AC6 6.24,-O3 -ffast-math -fno-lto -mexecute-only,runs/fir-r9/gpr-window-capture-1/report.json
fir-tiny4-gpr-window-v1,97194ca32110e32955f37bdc070d1b49a0741f2f,b43cf6f34d41cfd82528add4169c48a1cae161f1cf12eb0835823b7395303358,capture1:B2:N6,accepted_with_user_allowance,88.05078125,CMSIS=94.04443359375;delta=-5.99365234375;allowance=2;strict_parity=True;pair/T9 pass,AC6 6.24,-O3 -ffast-math -fno-lto -mexecute-only,runs/fir-r9/gpr-window-capture-1/report.json
fir-tiny4-gpr-window-v1,97194ca32110e32955f37bdc070d1b49a0741f2f,b43cf6f34d41cfd82528add4169c48a1cae161f1cf12eb0835823b7395303358,capture1:B2:N7,accepted_with_user_allowance,75.05078125,CMSIS=94.04443359375;delta=-18.99365234375;allowance=2;strict_parity=True;pair/T9 pass,AC6 6.24,-O3 -ffast-math -fno-lto -mexecute-only,runs/fir-r9/gpr-window-capture-1/report.json
fir-tiny4-gpr-window-v1,97194ca32110e32955f37bdc070d1b49a0741f2f,b43cf6f34d41cfd82528add4169c48a1cae161f1cf12eb0835823b7395303358,capture1:B2:N8,accepted_with_user_allowance,80.05078125,CMSIS=93.0517578125;delta=-13.0009765625;allowance=2;strict_parity=True;pair/T9 pass,AC6 6.24,-O3 -ffast-math -fno-lto -mexecute-only,runs/fir-r9/gpr-window-capture-1/report.json
fir-tiny4-gpr-window-v1,97194ca32110e32955f37bdc070d1b49a0741f2f,b43cf6f34d41cfd82528add4169c48a1cae161f1cf12eb0835823b7395303358,capture1:B2:N9,accepted_with_user_allowance,100.0625,CMSIS=137.0576171875;delta=-36.9951171875;allowance=2;strict_parity=True;pair/T9 pass,AC6 6.24,-O3 -ffast-math -fno-lto -mexecute-only,runs/fir-r9/gpr-window-capture-1/report.json
fir-tiny4-gpr-window-v1,97194ca32110e32955f37bdc070d1b49a0741f2f,b43cf6f34d41cfd82528add4169c48a1cae161f1cf12eb0835823b7395303358,capture1:B2:N15,accepted_with_user_allowance,132.0625,CMSIS=155.064453125;delta=-23.001953125;allowance=2;strict_parity=True;pair/T9 pass,AC6 6.24,-O3 -ffast-math -fno-lto -mexecute-only,runs/fir-r9/gpr-window-capture-1/report.json
fir-tiny4-gpr-window-v1,97194ca32110e32955f37bdc070d1b49a0741f2f,b43cf6f34d41cfd82528add4169c48a1cae161f1cf12eb0835823b7395303358,capture1:B2:N16,accepted_with_user_allowance,139.0625,CMSIS=156.0576171875;delta=-16.9951171875;allowance=2;strict_parity=True;pair/T9 pass,AC6 6.24,-O3 -ffast-math -fno-lto -mexecute-only,runs/fir-r9/gpr-window-capture-1/report.json
fir-tiny4-gpr-window-v1,97194ca32110e32955f37bdc070d1b49a0741f2f,b43cf6f34d41cfd82528add4169c48a1cae161f1cf12eb0835823b7395303358,capture1:B2:N17,accepted_with_user_allowance,140.0625,CMSIS=198.0576171875;delta=-57.9951171875;allowance=2;strict_parity=True;pair/T9 pass,AC6 6.24,-O3 -ffast-math -fno-lto -mexecute-only,runs/fir-r9/gpr-window-capture-1/report.json
fir-tiny4-gpr-window-v1,97194ca32110e32955f37bdc070d1b49a0741f2f,b43cf6f34d41cfd82528add4169c48a1cae161f1cf12eb0835823b7395303358,capture1:B2:N31,accepted_with_user_allowance,212.0859375,CMSIS=272.08984375;delta=-60.00390625;allowance=2;strict_parity=True;pair/T9 pass,AC6 6.24,-O3 -ffast-math -fno-lto -mexecute-only,runs/fir-r9/gpr-window-capture-1/report.json
fir-tiny4-gpr-window-v1,97194ca32110e32955f37bdc070d1b49a0741f2f,b43cf6f34d41cfd82528add4169c48a1cae161f1cf12eb0835823b7395303358,capture1:B2:N32,accepted_with_user_allowance,216.0859375,CMSIS=273.083984375;delta=-56.998046875;allowance=2;strict_parity=True;pair/T9 pass,AC6 6.24,-O3 -ffast-math -fno-lto -mexecute-only,runs/fir-r9/gpr-window-capture-1/report.json
fir-tiny4-gpr-window-v1,97194ca32110e32955f37bdc070d1b49a0741f2f,b43cf6f34d41cfd82528add4169c48a1cae161f1cf12eb0835823b7395303358,capture1:B2:N33,accepted_with_user_allowance,130.814453125,CMSIS=308.0576171875;delta=-177.2431640625;allowance=2;strict_parity=True;pair/T9 pass,AC6 6.24,-O3 -ffast-math -fno-lto -mexecute-only,runs/fir-r9/gpr-window-capture-1/report.json
fir-tiny4-gpr-window-v1,97194ca32110e32955f37bdc070d1b49a0741f2f,b43cf6f34d41cfd82528add4169c48a1cae161f1cf12eb0835823b7395303358,capture1:B2:N64,accepted_with_user_allowance,176.439453125,CMSIS=493.0576171875;delta=-316.6181640625;allowance=2;strict_parity=True;pair/T9 pass,AC6 6.24,-O3 -ffast-math -fno-lto -mexecute-only,runs/fir-r9/gpr-window-capture-1/report.json
fir-tiny4-gpr-window-v1,97194ca32110e32955f37bdc070d1b49a0741f2f,b43cf6f34d41cfd82528add4169c48a1cae161f1cf12eb0835823b7395303358,capture1:B2:N128,accepted_with_user_allowance,270.71484375,CMSIS=933.083984375;delta=-662.369140625;allowance=2;strict_parity=True;pair/T9 pass,AC6 6.24,-O3 -ffast-math -fno-lto -mexecute-only,runs/fir-r9/gpr-window-capture-1/report.json
fir-tiny4-gpr-window-v1,97194ca32110e32955f37bdc070d1b49a0741f2f,b43cf6f34d41cfd82528add4169c48a1cae161f1cf12eb0835823b7395303358,capture1:B3:N1,accepted_with_user_allowance,32.037353515625,CMSIS=55.04541015625;delta=-23.008056640625;allowance=2;strict_parity=True;pair/T9 pass,AC6 6.24,-O3 -ffast-math -fno-lto -mexecute-only,runs/fir-r9/gpr-window-capture-1/report.json
fir-tiny4-gpr-window-v1,97194ca32110e32955f37bdc070d1b49a0741f2f,b43cf6f34d41cfd82528add4169c48a1cae161f1cf12eb0835823b7395303358,capture1:B3:N2,accepted_with_user_allowance,49.0361328125,CMSIS=55.0517578125;delta=-6.015625;allowance=2;strict_parity=True;pair/T9 pass,AC6 6.24,-O3 -ffast-math -fno-lto -mexecute-only,runs/fir-r9/gpr-window-capture-1/report.json
fir-tiny4-gpr-window-v1,97194ca32110e32955f37bdc070d1b49a0741f2f,b43cf6f34d41cfd82528add4169c48a1cae161f1cf12eb0835823b7395303358,capture1:B3:N3,accepted_with_user_allowance,52.0361328125,CMSIS=54.0517578125;delta=-2.015625;allowance=2;strict_parity=True;pair/T9 pass,AC6 6.24,-O3 -ffast-math -fno-lto -mexecute-only,runs/fir-r9/gpr-window-capture-1/report.json
fir-tiny4-gpr-window-v1,97194ca32110e32955f37bdc070d1b49a0741f2f,b43cf6f34d41cfd82528add4169c48a1cae161f1cf12eb0835823b7395303358,capture1:B3:N4,accepted_with_user_allowance,53.0361328125,CMSIS=55.0517578125;delta=-2.015625;allowance=2;strict_parity=True;pair/T9 pass,AC6 6.24,-O3 -ffast-math -fno-lto -mexecute-only,runs/fir-r9/gpr-window-capture-1/report.json
fir-tiny4-gpr-window-v1,97194ca32110e32955f37bdc070d1b49a0741f2f,b43cf6f34d41cfd82528add4169c48a1cae161f1cf12eb0835823b7395303358,capture1:B3:N5,accepted_with_user_allowance,78.05078125,CMSIS=87.04443359375;delta=-8.99365234375;allowance=2;strict_parity=True;pair/T9 pass,AC6 6.24,-O3 -ffast-math -fno-lto -mexecute-only,runs/fir-r9/gpr-window-capture-1/report.json
fir-tiny4-gpr-window-v1,97194ca32110e32955f37bdc070d1b49a0741f2f,b43cf6f34d41cfd82528add4169c48a1cae161f1cf12eb0835823b7395303358,capture1:B3:N6,accepted_with_user_allowance,88.05078125,CMSIS=94.04443359375;delta=-5.99365234375;allowance=2;strict_parity=True;pair/T9 pass,AC6 6.24,-O3 -ffast-math -fno-lto -mexecute-only,runs/fir-r9/gpr-window-capture-1/report.json
fir-tiny4-gpr-window-v1,97194ca32110e32955f37bdc070d1b49a0741f2f,b43cf6f34d41cfd82528add4169c48a1cae161f1cf12eb0835823b7395303358,capture1:B3:N7,accepted_with_user_allowance,76.05078125,CMSIS=93.0517578125;delta=-17.0009765625;allowance=2;strict_parity=True;pair/T9 pass,AC6 6.24,-O3 -ffast-math -fno-lto -mexecute-only,runs/fir-r9/gpr-window-capture-1/report.json
fir-tiny4-gpr-window-v1,97194ca32110e32955f37bdc070d1b49a0741f2f,b43cf6f34d41cfd82528add4169c48a1cae161f1cf12eb0835823b7395303358,capture1:B3:N8,accepted_with_user_allowance,81.05078125,CMSIS=93.0517578125;delta=-12.0009765625;allowance=2;strict_parity=True;pair/T9 pass,AC6 6.24,-O3 -ffast-math -fno-lto -mexecute-only,runs/fir-r9/gpr-window-capture-1/report.json
fir-tiny4-gpr-window-v1,97194ca32110e32955f37bdc070d1b49a0741f2f,b43cf6f34d41cfd82528add4169c48a1cae161f1cf12eb0835823b7395303358,capture1:B3:N9,accepted_with_user_allowance,100.0625,CMSIS=137.064453125;delta=-37.001953125;allowance=2;strict_parity=True;pair/T9 pass,AC6 6.24,-O3 -ffast-math -fno-lto -mexecute-only,runs/fir-r9/gpr-window-capture-1/report.json
fir-tiny4-gpr-window-v1,97194ca32110e32955f37bdc070d1b49a0741f2f,b43cf6f34d41cfd82528add4169c48a1cae161f1cf12eb0835823b7395303358,capture1:B3:N15,accepted_with_user_allowance,134.0625,CMSIS=158.0576171875;delta=-23.9951171875;allowance=2;strict_parity=True;pair/T9 pass,AC6 6.24,-O3 -ffast-math -fno-lto -mexecute-only,runs/fir-r9/gpr-window-capture-1/report.json
fir-tiny4-gpr-window-v1,97194ca32110e32955f37bdc070d1b49a0741f2f,b43cf6f34d41cfd82528add4169c48a1cae161f1cf12eb0835823b7395303358,capture1:B3:N16,accepted_with_user_allowance,141.0625,CMSIS=158.0576171875;delta=-16.9951171875;allowance=2;strict_parity=True;pair/T9 pass,AC6 6.24,-O3 -ffast-math -fno-lto -mexecute-only,runs/fir-r9/gpr-window-capture-1/report.json
fir-tiny4-gpr-window-v1,97194ca32110e32955f37bdc070d1b49a0741f2f,b43cf6f34d41cfd82528add4169c48a1cae161f1cf12eb0835823b7395303358,capture1:B3:N17,accepted_with_user_allowance,142.0625,CMSIS=200.064453125;delta=-58.001953125;allowance=2;strict_parity=True;pair/T9 pass,AC6 6.24,-O3 -ffast-math -fno-lto -mexecute-only,runs/fir-r9/gpr-window-capture-1/report.json
fir-tiny4-gpr-window-v1,97194ca32110e32955f37bdc070d1b49a0741f2f,b43cf6f34d41cfd82528add4169c48a1cae161f1cf12eb0835823b7395303358,capture1:B3:N31,accepted_with_user_allowance,218.0859375,CMSIS=279.083984375;delta=-60.998046875;allowance=2;strict_parity=True;pair/T9 pass,AC6 6.24,-O3 -ffast-math -fno-lto -mexecute-only,runs/fir-r9/gpr-window-capture-1/report.json
fir-tiny4-gpr-window-v1,97194ca32110e32955f37bdc070d1b49a0741f2f,b43cf6f34d41cfd82528add4169c48a1cae161f1cf12eb0835823b7395303358,capture1:B3:N32,accepted_with_user_allowance,222.0859375,CMSIS=279.083984375;delta=-56.998046875;allowance=2;strict_parity=True;pair/T9 pass,AC6 6.24,-O3 -ffast-math -fno-lto -mexecute-only,runs/fir-r9/gpr-window-capture-1/report.json
fir-tiny4-gpr-window-v1,97194ca32110e32955f37bdc070d1b49a0741f2f,b43cf6f34d41cfd82528add4169c48a1cae161f1cf12eb0835823b7395303358,capture1:B3:N33,accepted_with_user_allowance,179.0703125,CMSIS=314.064453125;delta=-134.994140625;allowance=2;strict_parity=True;pair/T9 pass,AC6 6.24,-O3 -ffast-math -fno-lto -mexecute-only,runs/fir-r9/gpr-window-capture-1/report.json
fir-tiny4-gpr-window-v1,97194ca32110e32955f37bdc070d1b49a0741f2f,b43cf6f34d41cfd82528add4169c48a1cae161f1cf12eb0835823b7395303358,capture1:B3:N64,accepted_with_user_allowance,252.84375,CMSIS=507.083984375;delta=-254.240234375;allowance=2;strict_parity=True;pair/T9 pass,AC6 6.24,-O3 -ffast-math -fno-lto -mexecute-only,runs/fir-r9/gpr-window-capture-1/report.json
fir-tiny4-gpr-window-v1,97194ca32110e32955f37bdc070d1b49a0741f2f,b43cf6f34d41cfd82528add4169c48a1cae161f1cf12eb0835823b7395303358,capture1:B3:N128,accepted_with_user_allowance,411.390625,CMSIS=963.13671875;delta=-551.74609375;allowance=2;strict_parity=True;pair/T9 pass,AC6 6.24,-O3 -ffast-math -fno-lto -mexecute-only,runs/fir-r9/gpr-window-capture-1/report.json
fir-tiny4-gpr-window-v1,97194ca32110e32955f37bdc070d1b49a0741f2f,b43cf6f34d41cfd82528add4169c48a1cae161f1cf12eb0835823b7395303358,capture1:B4:N1,accepted_with_user_allowance,32.037353515625,CMSIS=57.04541015625;delta=-25.008056640625;allowance=2;strict_parity=True;pair/T9 pass,AC6 6.24,-O3 -ffast-math -fno-lto -mexecute-only,runs/fir-r9/gpr-window-capture-1/report.json
fir-tiny4-gpr-window-v1,97194ca32110e32955f37bdc070d1b49a0741f2f,b43cf6f34d41cfd82528add4169c48a1cae161f1cf12eb0835823b7395303358,capture1:B4:N2,accepted_with_user_allowance,44.052490234375,CMSIS=57.04541015625;delta=-12.992919921875;allowance=2;strict_parity=True;pair/T9 pass,AC6 6.24,-O3 -ffast-math -fno-lto -mexecute-only,runs/fir-r9/gpr-window-capture-1/report.json
fir-tiny4-gpr-window-v1,97194ca32110e32955f37bdc070d1b49a0741f2f,b43cf6f34d41cfd82528add4169c48a1cae161f1cf12eb0835823b7395303358,capture1:B4:N3,accepted_with_user_allowance,44.052490234375,CMSIS=56.04541015625;delta=-11.992919921875;allowance=2;strict_parity=True;pair/T9 pass,AC6 6.24,-O3 -ffast-math -fno-lto -mexecute-only,runs/fir-r9/gpr-window-capture-1/report.json
fir-tiny4-gpr-window-v1,97194ca32110e32955f37bdc070d1b49a0741f2f,b43cf6f34d41cfd82528add4169c48a1cae161f1cf12eb0835823b7395303358,capture1:B4:N4,accepted_with_user_allowance,52.05078125,CMSIS=57.0517578125;delta=-5.0009765625;allowance=2;strict_parity=True;pair/T9 pass,AC6 6.24,-O3 -ffast-math -fno-lto -mexecute-only,runs/fir-r9/gpr-window-capture-1/report.json
fir-tiny4-gpr-window-v1,97194ca32110e32955f37bdc070d1b49a0741f2f,b43cf6f34d41cfd82528add4169c48a1cae161f1cf12eb0835823b7395303358,capture1:B4:N5,accepted_with_user_allowance,78.05078125,CMSIS=85.04443359375;delta=-6.99365234375;allowance=2;strict_parity=True;pair/T9 pass,AC6 6.24,-O3 -ffast-math -fno-lto -mexecute-only,runs/fir-r9/gpr-window-capture-1/report.json
fir-tiny4-gpr-window-v1,97194ca32110e32955f37bdc070d1b49a0741f2f,b43cf6f34d41cfd82528add4169c48a1cae161f1cf12eb0835823b7395303358,capture1:B4:N6,accepted_with_user_allowance,88.05078125,CMSIS=91.0517578125;delta=-3.0009765625;allowance=2;strict_parity=True;pair/T9 pass,AC6 6.24,-O3 -ffast-math -fno-lto -mexecute-only,runs/fir-r9/gpr-window-capture-1/report.json
fir-tiny4-gpr-window-v1,97194ca32110e32955f37bdc070d1b49a0741f2f,b43cf6f34d41cfd82528add4169c48a1cae161f1cf12eb0835823b7395303358,capture1:B4:N7,accepted_with_user_allowance,76.05078125,CMSIS=91.0517578125;delta=-15.0009765625;allowance=2;strict_parity=True;pair/T9 pass,AC6 6.24,-O3 -ffast-math -fno-lto -mexecute-only,runs/fir-r9/gpr-window-capture-1/report.json
fir-tiny4-gpr-window-v1,97194ca32110e32955f37bdc070d1b49a0741f2f,b43cf6f34d41cfd82528add4169c48a1cae161f1cf12eb0835823b7395303358,capture1:B4:N8,accepted_with_user_allowance,81.05078125,CMSIS=92.04443359375;delta=-10.99365234375;allowance=2;strict_parity=True;pair/T9 pass,AC6 6.24,-O3 -ffast-math -fno-lto -mexecute-only,runs/fir-r9/gpr-window-capture-1/report.json
fir-tiny4-gpr-window-v1,97194ca32110e32955f37bdc070d1b49a0741f2f,b43cf6f34d41cfd82528add4169c48a1cae161f1cf12eb0835823b7395303358,capture1:B4:N9,accepted_with_user_allowance,100.0625,CMSIS=144.064453125;delta=-44.001953125;allowance=2;strict_parity=True;pair/T9 pass,AC6 6.24,-O3 -ffast-math -fno-lto -mexecute-only,runs/fir-r9/gpr-window-capture-1/report.json
fir-tiny4-gpr-window-v1,97194ca32110e32955f37bdc070d1b49a0741f2f,b43cf6f34d41cfd82528add4169c48a1cae161f1cf12eb0835823b7395303358,capture1:B4:N15,accepted_with_user_allowance,134.0625,CMSIS=164.0576171875;delta=-29.9951171875;allowance=2;strict_parity=True;pair/T9 pass,AC6 6.24,-O3 -ffast-math -fno-lto -mexecute-only,runs/fir-r9/gpr-window-capture-1/report.json
fir-tiny4-gpr-window-v1,97194ca32110e32955f37bdc070d1b49a0741f2f,b43cf6f34d41cfd82528add4169c48a1cae161f1cf12eb0835823b7395303358,capture1:B4:N16,accepted_with_user_allowance,141.0625,CMSIS=163.064453125;delta=-22.001953125;allowance=2;strict_parity=True;pair/T9 pass,AC6 6.24,-O3 -ffast-math -fno-lto -mexecute-only,runs/fir-r9/gpr-window-capture-1/report.json
fir-tiny4-gpr-window-v1,97194ca32110e32955f37bdc070d1b49a0741f2f,b43cf6f34d41cfd82528add4169c48a1cae161f1cf12eb0835823b7395303358,capture1:B4:N17,accepted_with_user_allowance,142.0625,CMSIS=211.064453125;delta=-69.001953125;allowance=2;strict_parity=True;pair/T9 pass,AC6 6.24,-O3 -ffast-math -fno-lto -mexecute-only,runs/fir-r9/gpr-window-capture-1/report.json
fir-tiny4-gpr-window-v1,97194ca32110e32955f37bdc070d1b49a0741f2f,b43cf6f34d41cfd82528add4169c48a1cae161f1cf12eb0835823b7395303358,capture1:B4:N31,accepted_with_user_allowance,218.0859375,CMSIS=293.083984375;delta=-74.998046875;allowance=2;strict_parity=True;pair/T9 pass,AC6 6.24,-O3 -ffast-math -fno-lto -mexecute-only,runs/fir-r9/gpr-window-capture-1/report.json
fir-tiny4-gpr-window-v1,97194ca32110e32955f37bdc070d1b49a0741f2f,b43cf6f34d41cfd82528add4169c48a1cae161f1cf12eb0835823b7395303358,capture1:B4:N32,accepted_with_user_allowance,222.0859375,CMSIS=292.08984375;delta=-70.00390625;allowance=2;strict_parity=True;pair/T9 pass,AC6 6.24,-O3 -ffast-math -fno-lto -mexecute-only,runs/fir-r9/gpr-window-capture-1/report.json
fir-tiny4-gpr-window-v1,97194ca32110e32955f37bdc070d1b49a0741f2f,b43cf6f34d41cfd82528add4169c48a1cae161f1cf12eb0835823b7395303358,capture1:B4:N33,accepted_with_user_allowance,208.60546875,CMSIS=333.08984375;delta=-124.484375;allowance=2;strict_parity=True;pair/T9 pass,AC6 6.24,-O3 -ffast-math -fno-lto -mexecute-only,runs/fir-r9/gpr-window-capture-1/report.json
fir-tiny4-gpr-window-v1,97194ca32110e32955f37bdc070d1b49a0741f2f,b43cf6f34d41cfd82528add4169c48a1cae161f1cf12eb0835823b7395303358,capture1:B4:N64,accepted_with_user_allowance,296.85546875,CMSIS=536.08984375;delta=-239.234375;allowance=2;strict_parity=True;pair/T9 pass,AC6 6.24,-O3 -ffast-math -fno-lto -mexecute-only,runs/fir-r9/gpr-window-capture-1/report.json
fir-tiny4-gpr-window-v1,97194ca32110e32955f37bdc070d1b49a0741f2f,b43cf6f34d41cfd82528add4169c48a1cae161f1cf12eb0835823b7395303358,capture1:B4:N128,accepted_with_user_allowance,488.40625,CMSIS=1024.140625;delta=-535.734375;allowance=2;strict_parity=True;pair/T9 pass,AC6 6.24,-O3 -ffast-math -fno-lto -mexecute-only,runs/fir-r9/gpr-window-capture-1/report.json
fir-tiny4-gpr-window-v1,97194ca32110e32955f37bdc070d1b49a0741f2f,b43cf6f34d41cfd82528add4169c48a1cae161f1cf12eb0835823b7395303358,capture1:B5:N1,accepted_with_user_allowance,38.02978515625,CMSIS=71.04541015625;delta=-33.015625;allowance=2;strict_parity=True;pair/T9 pass,AC6 6.24,-O3 -ffast-math -fno-lto -mexecute-only,runs/fir-r9/gpr-window-capture-1/report.json
fir-tiny4-gpr-window-v1,97194ca32110e32955f37bdc070d1b49a0741f2f,b43cf6f34d41cfd82528add4169c48a1cae161f1cf12eb0835823b7395303358,capture1:B5:N2,accepted_with_user_allowance,47.052490234375,CMSIS=71.04541015625;delta=-23.992919921875;allowance=2;strict_parity=True;pair/T9 pass,AC6 6.24,-O3 -ffast-math -fno-lto -mexecute-only,runs/fir-r9/gpr-window-capture-1/report.json
fir-tiny4-gpr-window-v1,97194ca32110e32955f37bdc070d1b49a0741f2f,b43cf6f34d41cfd82528add4169c48a1cae161f1cf12eb0835823b7395303358,capture1:B5:N3,accepted_with_user_allowance,56.05078125,CMSIS=69.0517578125;delta=-13.0009765625;allowance=2;strict_parity=True;pair/T9 pass,AC6 6.24,-O3 -ffast-math -fno-lto -mexecute-only,runs/fir-r9/gpr-window-capture-1/report.json
fir-tiny4-gpr-window-v1,97194ca32110e32955f37bdc070d1b49a0741f2f,b43cf6f34d41cfd82528add4169c48a1cae161f1cf12eb0835823b7395303358,capture1:B5:N4,accepted_with_user_allowance,72.05078125,CMSIS=71.0517578125;delta=0.9990234375;allowance=2;strict_parity=False;pair/T9 pass,AC6 6.24,-O3 -ffast-math -fno-lto -mexecute-only,runs/fir-r9/gpr-window-capture-1/report.json
fir-tiny4-gpr-window-v1,97194ca32110e32955f37bdc070d1b49a0741f2f,b43cf6f34d41cfd82528add4169c48a1cae161f1cf12eb0835823b7395303358,capture1:B5:N5,accepted_with_user_allowance,97.0361328125,CMSIS=110.037109375;delta=-13.0009765625;allowance=2;strict_parity=True;pair/T9 pass,AC6 6.24,-O3 -ffast-math -fno-lto -mexecute-only,runs/fir-r9/gpr-window-capture-1/report.json
fir-tiny4-gpr-window-v1,97194ca32110e32955f37bdc070d1b49a0741f2f,b43cf6f34d41cfd82528add4169c48a1cae161f1cf12eb0835823b7395303358,capture1:B5:N6,accepted_with_user_allowance,109.048828125,CMSIS=117.05078125;delta=-8.001953125;allowance=2;strict_parity=True;pair/T9 pass,AC6 6.24,-O3 -ffast-math -fno-lto -mexecute-only,runs/fir-r9/gpr-window-capture-1/report.json
fir-tiny4-gpr-window-v1,97194ca32110e32955f37bdc070d1b49a0741f2f,b43cf6f34d41cfd82528add4169c48a1cae161f1cf12eb0835823b7395303358,capture1:B5:N7,accepted_with_user_allowance,108.048828125,CMSIS=117.05078125;delta=-9.001953125;allowance=2;strict_parity=True;pair/T9 pass,AC6 6.24,-O3 -ffast-math -fno-lto -mexecute-only,runs/fir-r9/gpr-window-capture-1/report.json
fir-tiny4-gpr-window-v1,97194ca32110e32955f37bdc070d1b49a0741f2f,b43cf6f34d41cfd82528add4169c48a1cae161f1cf12eb0835823b7395303358,capture1:B5:N8,accepted_with_user_allowance,113.048828125,CMSIS=117.05078125;delta=-4.001953125;allowance=2;strict_parity=True;pair/T9 pass,AC6 6.24,-O3 -ffast-math -fno-lto -mexecute-only,runs/fir-r9/gpr-window-capture-1/report.json
fir-tiny4-gpr-window-v1,97194ca32110e32955f37bdc070d1b49a0741f2f,b43cf6f34d41cfd82528add4169c48a1cae161f1cf12eb0835823b7395303358,capture1:B5:N9,accepted_with_user_allowance,127.048828125,CMSIS=180.05078125;delta=-53.001953125;allowance=2;strict_parity=True;pair/T9 pass,AC6 6.24,-O3 -ffast-math -fno-lto -mexecute-only,runs/fir-r9/gpr-window-capture-1/report.json
fir-tiny4-gpr-window-v1,97194ca32110e32955f37bdc070d1b49a0741f2f,b43cf6f34d41cfd82528add4169c48a1cae161f1cf12eb0835823b7395303358,capture1:B5:N15,accepted_with_user_allowance,173.048828125,CMSIS=209.05078125;delta=-36.001953125;allowance=2;strict_parity=True;pair/T9 pass,AC6 6.24,-O3 -ffast-math -fno-lto -mexecute-only,runs/fir-r9/gpr-window-capture-1/report.json
fir-tiny4-gpr-window-v1,97194ca32110e32955f37bdc070d1b49a0741f2f,b43cf6f34d41cfd82528add4169c48a1cae161f1cf12eb0835823b7395303358,capture1:B5:N16,accepted_with_user_allowance,182.048828125,CMSIS=209.05078125;delta=-27.001953125;allowance=2;strict_parity=True;pair/T9 pass,AC6 6.24,-O3 -ffast-math -fno-lto -mexecute-only,runs/fir-r9/gpr-window-capture-1/report.json
fir-tiny4-gpr-window-v1,97194ca32110e32955f37bdc070d1b49a0741f2f,b43cf6f34d41cfd82528add4169c48a1cae161f1cf12eb0835823b7395303358,capture1:B5:N17,accepted_with_user_allowance,185.048828125,CMSIS=268.05078125;delta=-83.001953125;allowance=2;strict_parity=True;pair/T9 pass,AC6 6.24,-O3 -ffast-math -fno-lto -mexecute-only,runs/fir-r9/gpr-window-capture-1/report.json
fir-tiny4-gpr-window-v1,97194ca32110e32955f37bdc070d1b49a0741f2f,b43cf6f34d41cfd82528add4169c48a1cae161f1cf12eb0835823b7395303358,capture1:B5:N31,accepted_with_user_allowance,289.07421875,CMSIS=380.078125;delta=-91.00390625;allowance=2;strict_parity=True;pair/T9 pass,AC6 6.24,-O3 -ffast-math -fno-lto -mexecute-only,runs/fir-r9/gpr-window-capture-1/report.json
fir-tiny4-gpr-window-v1,97194ca32110e32955f37bdc070d1b49a0741f2f,b43cf6f34d41cfd82528add4169c48a1cae161f1cf12eb0835823b7395303358,capture1:B5:N32,accepted_with_user_allowance,295.07421875,CMSIS=380.078125;delta=-85.00390625;allowance=2;strict_parity=True;pair/T9 pass,AC6 6.24,-O3 -ffast-math -fno-lto -mexecute-only,runs/fir-r9/gpr-window-capture-1/report.json
fir-tiny4-gpr-window-v1,97194ca32110e32955f37bdc070d1b49a0741f2f,b43cf6f34d41cfd82528add4169c48a1cae161f1cf12eb0835823b7395303358,capture1:B5:N33,accepted_with_user_allowance,263.98828125,CMSIS=432.078125;delta=-168.08984375;allowance=2;strict_parity=True;pair/T9 pass,AC6 6.24,-O3 -ffast-math -fno-lto -mexecute-only,runs/fir-r9/gpr-window-capture-1/report.json
fir-tiny4-gpr-window-v1,97194ca32110e32955f37bdc070d1b49a0741f2f,b43cf6f34d41cfd82528add4169c48a1cae161f1cf12eb0835823b7395303358,capture1:B5:N64,accepted_with_user_allowance,380.55078125,CMSIS=708.078125;delta=-327.52734375;allowance=2;strict_parity=True;pair/T9 pass,AC6 6.24,-O3 -ffast-math -fno-lto -mexecute-only,runs/fir-r9/gpr-window-capture-1/report.json
fir-tiny4-gpr-window-v1,97194ca32110e32955f37bdc070d1b49a0741f2f,b43cf6f34d41cfd82528add4169c48a1cae161f1cf12eb0835823b7395303358,capture1:B5:N128,accepted_with_user_allowance,636.7265625,CMSIS=1364.1328125;delta=-727.40625;allowance=2;strict_parity=True;pair/T9 pass,AC6 6.24,-O3 -ffast-math -fno-lto -mexecute-only,runs/fir-r9/gpr-window-capture-1/report.json
fir-tiny4-gpr-window-v1,97194ca32110e32955f37bdc070d1b49a0741f2f,b43cf6f34d41cfd82528add4169c48a1cae161f1cf12eb0835823b7395303358,capture1:B7:N1,accepted_with_user_allowance,38.02978515625,CMSIS=71.04541015625;delta=-33.015625;allowance=2;strict_parity=True;pair/T9 pass,AC6 6.24,-O3 -ffast-math -fno-lto -mexecute-only,runs/fir-r9/gpr-window-capture-1/report.json
fir-tiny4-gpr-window-v1,97194ca32110e32955f37bdc070d1b49a0741f2f,b43cf6f34d41cfd82528add4169c48a1cae161f1cf12eb0835823b7395303358,capture1:B7:N2,accepted_with_user_allowance,59.05810546875,CMSIS=71.0517578125;delta=-11.99365234375;allowance=2;strict_parity=True;pair/T9 pass,AC6 6.24,-O3 -ffast-math -fno-lto -mexecute-only,runs/fir-r9/gpr-window-capture-1/report.json
fir-tiny4-gpr-window-v1,97194ca32110e32955f37bdc070d1b49a0741f2f,b43cf6f34d41cfd82528add4169c48a1cae161f1cf12eb0835823b7395303358,capture1:B7:N3,accepted_with_user_allowance,62.05810546875,CMSIS=69.0517578125;delta=-6.99365234375;allowance=2;strict_parity=True;pair/T9 pass,AC6 6.24,-O3 -ffast-math -fno-lto -mexecute-only,runs/fir-r9/gpr-window-capture-1/report.json
fir-tiny4-gpr-window-v1,97194ca32110e32955f37bdc070d1b49a0741f2f,b43cf6f34d41cfd82528add4169c48a1cae161f1cf12eb0835823b7395303358,capture1:B7:N4,accepted_with_user_allowance,70.05078125,CMSIS=71.0517578125;delta=-1.0009765625;allowance=2;strict_parity=True;pair/T9 pass,AC6 6.24,-O3 -ffast-math -fno-lto -mexecute-only,runs/fir-r9/gpr-window-capture-1/report.json
fir-tiny4-gpr-window-v1,97194ca32110e32955f37bdc070d1b49a0741f2f,b43cf6f34d41cfd82528add4169c48a1cae161f1cf12eb0835823b7395303358,capture1:B7:N5,accepted_with_user_allowance,97.0361328125,CMSIS=110.037109375;delta=-13.0009765625;allowance=2;strict_parity=True;pair/T9 pass,AC6 6.24,-O3 -ffast-math -fno-lto -mexecute-only,runs/fir-r9/gpr-window-capture-1/report.json
fir-tiny4-gpr-window-v1,97194ca32110e32955f37bdc070d1b49a0741f2f,b43cf6f34d41cfd82528add4169c48a1cae161f1cf12eb0835823b7395303358,capture1:B7:N6,accepted_with_user_allowance,109.048828125,CMSIS=117.05078125;delta=-8.001953125;allowance=2;strict_parity=True;pair/T9 pass,AC6 6.24,-O3 -ffast-math -fno-lto -mexecute-only,runs/fir-r9/gpr-window-capture-1/report.json
fir-tiny4-gpr-window-v1,97194ca32110e32955f37bdc070d1b49a0741f2f,b43cf6f34d41cfd82528add4169c48a1cae161f1cf12eb0835823b7395303358,capture1:B7:N7,accepted_with_user_allowance,108.048828125,CMSIS=117.05078125;delta=-9.001953125;allowance=2;strict_parity=True;pair/T9 pass,AC6 6.24,-O3 -ffast-math -fno-lto -mexecute-only,runs/fir-r9/gpr-window-capture-1/report.json
fir-tiny4-gpr-window-v1,97194ca32110e32955f37bdc070d1b49a0741f2f,b43cf6f34d41cfd82528add4169c48a1cae161f1cf12eb0835823b7395303358,capture1:B7:N8,accepted_with_user_allowance,113.048828125,CMSIS=117.05078125;delta=-4.001953125;allowance=2;strict_parity=True;pair/T9 pass,AC6 6.24,-O3 -ffast-math -fno-lto -mexecute-only,runs/fir-r9/gpr-window-capture-1/report.json
fir-tiny4-gpr-window-v1,97194ca32110e32955f37bdc070d1b49a0741f2f,b43cf6f34d41cfd82528add4169c48a1cae161f1cf12eb0835823b7395303358,capture1:B7:N9,accepted_with_user_allowance,127.048828125,CMSIS=181.05078125;delta=-54.001953125;allowance=2;strict_parity=True;pair/T9 pass,AC6 6.24,-O3 -ffast-math -fno-lto -mexecute-only,runs/fir-r9/gpr-window-capture-1/report.json
fir-tiny4-gpr-window-v1,97194ca32110e32955f37bdc070d1b49a0741f2f,b43cf6f34d41cfd82528add4169c48a1cae161f1cf12eb0835823b7395303358,capture1:B7:N15,accepted_with_user_allowance,173.048828125,CMSIS=210.05078125;delta=-37.001953125;allowance=2;strict_parity=True;pair/T9 pass,AC6 6.24,-O3 -ffast-math -fno-lto -mexecute-only,runs/fir-r9/gpr-window-capture-1/report.json
fir-tiny4-gpr-window-v1,97194ca32110e32955f37bdc070d1b49a0741f2f,b43cf6f34d41cfd82528add4169c48a1cae161f1cf12eb0835823b7395303358,capture1:B7:N16,accepted_with_user_allowance,182.048828125,CMSIS=210.05078125;delta=-28.001953125;allowance=2;strict_parity=True;pair/T9 pass,AC6 6.24,-O3 -ffast-math -fno-lto -mexecute-only,runs/fir-r9/gpr-window-capture-1/report.json
fir-tiny4-gpr-window-v1,97194ca32110e32955f37bdc070d1b49a0741f2f,b43cf6f34d41cfd82528add4169c48a1cae161f1cf12eb0835823b7395303358,capture1:B7:N17,accepted_with_user_allowance,185.048828125,CMSIS=269.05078125;delta=-84.001953125;allowance=2;strict_parity=True;pair/T9 pass,AC6 6.24,-O3 -ffast-math -fno-lto -mexecute-only,runs/fir-r9/gpr-window-capture-1/report.json
fir-tiny4-gpr-window-v1,97194ca32110e32955f37bdc070d1b49a0741f2f,b43cf6f34d41cfd82528add4169c48a1cae161f1cf12eb0835823b7395303358,capture1:B7:N31,accepted_with_user_allowance,289.07421875,CMSIS=381.078125;delta=-92.00390625;allowance=2;strict_parity=True;pair/T9 pass,AC6 6.24,-O3 -ffast-math -fno-lto -mexecute-only,runs/fir-r9/gpr-window-capture-1/report.json
fir-tiny4-gpr-window-v1,97194ca32110e32955f37bdc070d1b49a0741f2f,b43cf6f34d41cfd82528add4169c48a1cae161f1cf12eb0835823b7395303358,capture1:B7:N32,accepted_with_user_allowance,295.07421875,CMSIS=381.078125;delta=-86.00390625;allowance=2;strict_parity=True;pair/T9 pass,AC6 6.24,-O3 -ffast-math -fno-lto -mexecute-only,runs/fir-r9/gpr-window-capture-1/report.json
fir-tiny4-gpr-window-v1,97194ca32110e32955f37bdc070d1b49a0741f2f,b43cf6f34d41cfd82528add4169c48a1cae161f1cf12eb0835823b7395303358,capture1:B7:N33,accepted_with_user_allowance,341.42578125,CMSIS=433.078125;delta=-91.65234375;allowance=2;strict_parity=True;pair/T9 pass,AC6 6.24,-O3 -ffast-math -fno-lto -mexecute-only,runs/fir-r9/gpr-window-capture-1/report.json
fir-tiny4-gpr-window-v1,97194ca32110e32955f37bdc070d1b49a0741f2f,b43cf6f34d41cfd82528add4169c48a1cae161f1cf12eb0835823b7395303358,capture1:B7:N64,accepted_with_user_allowance,500.2265625,CMSIS=709.1328125;delta=-208.90625;allowance=2;strict_parity=True;pair/T9 pass,AC6 6.24,-O3 -ffast-math -fno-lto -mexecute-only,runs/fir-r9/gpr-window-capture-1/report.json
fir-tiny4-gpr-window-v1,97194ca32110e32955f37bdc070d1b49a0741f2f,b43cf6f34d41cfd82528add4169c48a1cae161f1cf12eb0835823b7395303358,capture1:B7:N128,accepted_with_user_allowance,852.828125,CMSIS=1365.2421875;delta=-512.4140625;allowance=2;strict_parity=True;pair/T9 pass,AC6 6.24,-O3 -ffast-math -fno-lto -mexecute-only,runs/fir-r9/gpr-window-capture-1/report.json
fir-tiny4-gpr-window-v1,97194ca32110e32955f37bdc070d1b49a0741f2f,b43cf6f34d41cfd82528add4169c48a1cae161f1cf12eb0835823b7395303358,capture1:B8:N1,accepted_with_user_allowance,38.02978515625,CMSIS=74.0302734375;delta=-36.00048828125;allowance=2;strict_parity=True;pair/T9 pass,AC6 6.24,-O3 -ffast-math -fno-lto -mexecute-only,runs/fir-r9/gpr-window-capture-1/report.json
fir-tiny4-gpr-window-v1,97194ca32110e32955f37bdc070d1b49a0741f2f,b43cf6f34d41cfd82528add4169c48a1cae161f1cf12eb0835823b7395303358,capture1:B8:N2,accepted_with_user_allowance,53.0361328125,CMSIS=74.037109375;delta=-21.0009765625;allowance=2;strict_parity=True;pair/T9 pass,AC6 6.24,-O3 -ffast-math -fno-lto -mexecute-only,runs/fir-r9/gpr-window-capture-1/report.json
fir-tiny4-gpr-window-v1,97194ca32110e32955f37bdc070d1b49a0741f2f,b43cf6f34d41cfd82528add4169c48a1cae161f1cf12eb0835823b7395303358,capture1:B8:N3,accepted_with_user_allowance,55.0361328125,CMSIS=72.037109375;delta=-17.0009765625;allowance=2;strict_parity=True;pair/T9 pass,AC6 6.24,-O3 -ffast-math -fno-lto -mexecute-only,runs/fir-r9/gpr-window-capture-1/report.json
fir-tiny4-gpr-window-v1,97194ca32110e32955f37bdc070d1b49a0741f2f,b43cf6f34d41cfd82528add4169c48a1cae161f1cf12eb0835823b7395303358,capture1:B8:N4,accepted_with_user_allowance,64.0361328125,CMSIS=74.037109375;delta=-10.0009765625;allowance=2;strict_parity=True;pair/T9 pass,AC6 6.24,-O3 -ffast-math -fno-lto -mexecute-only,runs/fir-r9/gpr-window-capture-1/report.json
fir-tiny4-gpr-window-v1,97194ca32110e32955f37bdc070d1b49a0741f2f,b43cf6f34d41cfd82528add4169c48a1cae161f1cf12eb0835823b7395303358,capture1:B8:N5,accepted_with_user_allowance,93.0361328125,CMSIS=110.037109375;delta=-17.0009765625;allowance=2;strict_parity=True;pair/T9 pass,AC6 6.24,-O3 -ffast-math -fno-lto -mexecute-only,runs/fir-r9/gpr-window-capture-1/report.json
fir-tiny4-gpr-window-v1,97194ca32110e32955f37bdc070d1b49a0741f2f,b43cf6f34d41cfd82528add4169c48a1cae161f1cf12eb0835823b7395303358,capture1:B8:N6,accepted_with_user_allowance,105.048828125,CMSIS=117.05078125;delta=-12.001953125;allowance=2;strict_parity=True;pair/T9 pass,AC6 6.24,-O3 -ffast-math -fno-lto -mexecute-only,runs/fir-r9/gpr-window-capture-1/report.json
fir-tiny4-gpr-window-v1,97194ca32110e32955f37bdc070d1b49a0741f2f,b43cf6f34d41cfd82528add4169c48a1cae161f1cf12eb0835823b7395303358,capture1:B8:N7,accepted_with_user_allowance,103.048828125,CMSIS=117.05078125;delta=-14.001953125;allowance=2;strict_parity=True;pair/T9 pass,AC6 6.24,-O3 -ffast-math -fno-lto -mexecute-only,runs/fir-r9/gpr-window-capture-1/report.json
fir-tiny4-gpr-window-v1,97194ca32110e32955f37bdc070d1b49a0741f2f,b43cf6f34d41cfd82528add4169c48a1cae161f1cf12eb0835823b7395303358,capture1:B8:N8,accepted_with_user_allowance,109.048828125,CMSIS=117.05078125;delta=-8.001953125;allowance=2;strict_parity=True;pair/T9 pass,AC6 6.24,-O3 -ffast-math -fno-lto -mexecute-only,runs/fir-r9/gpr-window-capture-1/report.json
fir-tiny4-gpr-window-v1,97194ca32110e32955f37bdc070d1b49a0741f2f,b43cf6f34d41cfd82528add4169c48a1cae161f1cf12eb0835823b7395303358,capture1:B8:N9,accepted_with_user_allowance,123.048828125,CMSIS=185.05078125;delta=-62.001953125;allowance=2;strict_parity=True;pair/T9 pass,AC6 6.24,-O3 -ffast-math -fno-lto -mexecute-only,runs/fir-r9/gpr-window-capture-1/report.json
fir-tiny4-gpr-window-v1,97194ca32110e32955f37bdc070d1b49a0741f2f,b43cf6f34d41cfd82528add4169c48a1cae161f1cf12eb0835823b7395303358,capture1:B8:N15,accepted_with_user_allowance,168.048828125,CMSIS=212.05078125;delta=-44.001953125;allowance=2;strict_parity=True;pair/T9 pass,AC6 6.24,-O3 -ffast-math -fno-lto -mexecute-only,runs/fir-r9/gpr-window-capture-1/report.json
fir-tiny4-gpr-window-v1,97194ca32110e32955f37bdc070d1b49a0741f2f,b43cf6f34d41cfd82528add4169c48a1cae161f1cf12eb0835823b7395303358,capture1:B8:N16,accepted_with_user_allowance,178.048828125,CMSIS=212.05078125;delta=-34.001953125;allowance=2;strict_parity=True;pair/T9 pass,AC6 6.24,-O3 -ffast-math -fno-lto -mexecute-only,runs/fir-r9/gpr-window-capture-1/report.json
fir-tiny4-gpr-window-v1,97194ca32110e32955f37bdc070d1b49a0741f2f,b43cf6f34d41cfd82528add4169c48a1cae161f1cf12eb0835823b7395303358,capture1:B8:N17,accepted_with_user_allowance,181.048828125,CMSIS=273.05078125;delta=-92.001953125;allowance=2;strict_parity=True;pair/T9 pass,AC6 6.24,-O3 -ffast-math -fno-lto -mexecute-only,runs/fir-r9/gpr-window-capture-1/report.json
fir-tiny4-gpr-window-v1,97194ca32110e32955f37bdc070d1b49a0741f2f,b43cf6f34d41cfd82528add4169c48a1cae161f1cf12eb0835823b7395303358,capture1:B8:N31,accepted_with_user_allowance,284.07421875,CMSIS=383.078125;delta=-99.00390625;allowance=2;strict_parity=True;pair/T9 pass,AC6 6.24,-O3 -ffast-math -fno-lto -mexecute-only,runs/fir-r9/gpr-window-capture-1/report.json
fir-tiny4-gpr-window-v1,97194ca32110e32955f37bdc070d1b49a0741f2f,b43cf6f34d41cfd82528add4169c48a1cae161f1cf12eb0835823b7395303358,capture1:B8:N32,accepted_with_user_allowance,291.07421875,CMSIS=383.078125;delta=-92.00390625;allowance=2;strict_parity=True;pair/T9 pass,AC6 6.24,-O3 -ffast-math -fno-lto -mexecute-only,runs/fir-r9/gpr-window-capture-1/report.json
fir-tiny4-gpr-window-v1,97194ca32110e32955f37bdc070d1b49a0741f2f,b43cf6f34d41cfd82528add4169c48a1cae161f1cf12eb0835823b7395303358,capture1:B8:N33,accepted_with_user_allowance,348.19921875,CMSIS=437.078125;delta=-88.87890625;allowance=2;strict_parity=True;pair/T9 pass,AC6 6.24,-O3 -ffast-math -fno-lto -mexecute-only,runs/fir-r9/gpr-window-capture-1/report.json
fir-tiny4-gpr-window-v1,97194ca32110e32955f37bdc070d1b49a0741f2f,b43cf6f34d41cfd82528add4169c48a1cae161f1cf12eb0835823b7395303358,capture1:B8:N64,accepted_with_user_allowance,539.75,CMSIS=711.1328125;delta=-171.3828125;allowance=2;strict_parity=True;pair/T9 pass,AC6 6.24,-O3 -ffast-math -fno-lto -mexecute-only,runs/fir-r9/gpr-window-capture-1/report.json
fir-tiny4-gpr-window-v1,97194ca32110e32955f37bdc070d1b49a0741f2f,b43cf6f34d41cfd82528add4169c48a1cae161f1cf12eb0835823b7395303358,capture1:B8:N128,accepted_with_user_allowance,925.8515625,CMSIS=1367.2421875;delta=-441.390625;allowance=2;strict_parity=True;pair/T9 pass,AC6 6.24,-O3 -ffast-math -fno-lto -mexecute-only,runs/fir-r9/gpr-window-capture-1/report.json
fir-tiny4-gpr-window-v1,97194ca32110e32955f37bdc070d1b49a0741f2f,b43cf6f34d41cfd82528add4169c48a1cae161f1cf12eb0835823b7395303358,capture1:B15:N1,accepted_with_user_allowance,48.02978515625,CMSIS=104.0302734375;delta=-56.00048828125;allowance=2;strict_parity=True;pair/T9 pass,AC6 6.24,-O3 -ffast-math -fno-lto -mexecute-only,runs/fir-r9/gpr-window-capture-1/report.json
fir-tiny4-gpr-window-v1,97194ca32110e32955f37bdc070d1b49a0741f2f,b43cf6f34d41cfd82528add4169c48a1cae161f1cf12eb0835823b7395303358,capture1:B15:N2,accepted_with_user_allowance,75.0361328125,CMSIS=104.037109375;delta=-29.0009765625;allowance=2;strict_parity=True;pair/T9 pass,AC6 6.24,-O3 -ffast-math -fno-lto -mexecute-only,runs/fir-r9/gpr-window-capture-1/report.json
fir-tiny4-gpr-window-v1,97194ca32110e32955f37bdc070d1b49a0741f2f,b43cf6f34d41cfd82528add4169c48a1cae161f1cf12eb0835823b7395303358,capture1:B15:N3,accepted_with_user_allowance,82.0361328125,CMSIS=100.037109375;delta=-18.0009765625;allowance=2;strict_parity=True;pair/T9 pass,AC6 6.24,-O3 -ffast-math -fno-lto -mexecute-only,runs/fir-r9/gpr-window-capture-1/report.json
fir-tiny4-gpr-window-v1,97194ca32110e32955f37bdc070d1b49a0741f2f,b43cf6f34d41cfd82528add4169c48a1cae161f1cf12eb0835823b7395303358,capture1:B15:N4,accepted_with_user_allowance,93.0361328125,CMSIS=104.037109375;delta=-11.0009765625;allowance=2;strict_parity=True;pair/T9 pass,AC6 6.24,-O3 -ffast-math -fno-lto -mexecute-only,runs/fir-r9/gpr-window-capture-1/report.json
fir-tiny4-gpr-window-v1,97194ca32110e32955f37bdc070d1b49a0741f2f,b43cf6f34d41cfd82528add4169c48a1cae161f1cf12eb0835823b7395303358,capture1:B15:N5,accepted_with_user_allowance,100.048828125,CMSIS=156.05078125;delta=-56.001953125;allowance=2;strict_parity=True;pair/T9 pass,AC6 6.24,-O3 -ffast-math -fno-lto -mexecute-only,runs/fir-r9/gpr-window-capture-1/report.json
fir-tiny4-gpr-window-v1,97194ca32110e32955f37bdc070d1b49a0741f2f,b43cf6f34d41cfd82528add4169c48a1cae161f1cf12eb0835823b7395303358,capture1:B15:N6,accepted_with_user_allowance,118.048828125,CMSIS=163.05078125;delta=-45.001953125;allowance=2;strict_parity=True;pair/T9 pass,AC6 6.24,-O3 -ffast-math -fno-lto -mexecute-only,runs/fir-r9/gpr-window-capture-1/report.json
fir-tiny4-gpr-window-v1,97194ca32110e32955f37bdc070d1b49a0741f2f,b43cf6f34d41cfd82528add4169c48a1cae161f1cf12eb0835823b7395303358,capture1:B15:N7,accepted_with_user_allowance,125.048828125,CMSIS=163.05078125;delta=-38.001953125;allowance=2;strict_parity=True;pair/T9 pass,AC6 6.24,-O3 -ffast-math -fno-lto -mexecute-only,runs/fir-r9/gpr-window-capture-1/report.json
fir-tiny4-gpr-window-v1,97194ca32110e32955f37bdc070d1b49a0741f2f,b43cf6f34d41cfd82528add4169c48a1cae161f1cf12eb0835823b7395303358,capture1:B15:N8,accepted_with_user_allowance,147.048828125,CMSIS=161.05078125;delta=-14.001953125;allowance=2;strict_parity=True;pair/T9 pass,AC6 6.24,-O3 -ffast-math -fno-lto -mexecute-only,runs/fir-r9/gpr-window-capture-1/report.json
fir-tiny4-gpr-window-v1,97194ca32110e32955f37bdc070d1b49a0741f2f,b43cf6f34d41cfd82528add4169c48a1cae161f1cf12eb0835823b7395303358,capture1:B15:N9,accepted_with_user_allowance,203.07421875,CMSIS=257.078125;delta=-54.00390625;allowance=2;strict_parity=True;pair/T9 pass,AC6 6.24,-O3 -ffast-math -fno-lto -mexecute-only,runs/fir-r9/gpr-window-capture-1/report.json
fir-tiny4-gpr-window-v1,97194ca32110e32955f37bdc070d1b49a0741f2f,b43cf6f34d41cfd82528add4169c48a1cae161f1cf12eb0835823b7395303358,capture1:B15:N15,accepted_with_user_allowance,268.07421875,CMSIS=302.078125;delta=-34.00390625;allowance=2;strict_parity=True;pair/T9 pass,AC6 6.24,-O3 -ffast-math -fno-lto -mexecute-only,runs/fir-r9/gpr-window-capture-1/report.json
fir-tiny4-gpr-window-v1,97194ca32110e32955f37bdc070d1b49a0741f2f,b43cf6f34d41cfd82528add4169c48a1cae161f1cf12eb0835823b7395303358,capture1:B15:N16,accepted_with_user_allowance,286.07421875,CMSIS=300.078125;delta=-14.00390625;allowance=2;strict_parity=True;pair/T9 pass,AC6 6.24,-O3 -ffast-math -fno-lto -mexecute-only,runs/fir-r9/gpr-window-capture-1/report.json
fir-tiny4-gpr-window-v1,97194ca32110e32955f37bdc070d1b49a0741f2f,b43cf6f34d41cfd82528add4169c48a1cae161f1cf12eb0835823b7395303358,capture1:B15:N17,accepted_with_user_allowance,293.07421875,CMSIS=387.078125;delta=-94.00390625;allowance=2;strict_parity=True;pair/T9 pass,AC6 6.24,-O3 -ffast-math -fno-lto -mexecute-only,runs/fir-r9/gpr-window-capture-1/report.json
fir-tiny4-gpr-window-v1,97194ca32110e32955f37bdc070d1b49a0741f2f,b43cf6f34d41cfd82528add4169c48a1cae161f1cf12eb0835823b7395303358,capture1:B15:N31,accepted_with_user_allowance,448.125,CMSIS=557.1328125;delta=-109.0078125;allowance=2;strict_parity=True;pair/T9 pass,AC6 6.24,-O3 -ffast-math -fno-lto -mexecute-only,runs/fir-r9/gpr-window-capture-1/report.json
fir-tiny4-gpr-window-v1,97194ca32110e32955f37bdc070d1b49a0741f2f,b43cf6f34d41cfd82528add4169c48a1cae161f1cf12eb0835823b7395303358,capture1:B15:N32,accepted_with_user_allowance,463.125,CMSIS=555.1328125;delta=-92.0078125;allowance=2;strict_parity=True;pair/T9 pass,AC6 6.24,-O3 -ffast-math -fno-lto -mexecute-only,runs/fir-r9/gpr-window-capture-1/report.json
fir-tiny4-gpr-window-v1,97194ca32110e32955f37bdc070d1b49a0741f2f,b43cf6f34d41cfd82528add4169c48a1cae161f1cf12eb0835823b7395303358,capture1:B15:N33,accepted_with_user_allowance,536.125,CMSIS=635.1328125;delta=-99.0078125;allowance=2;strict_parity=True;pair/T9 pass,AC6 6.24,-O3 -ffast-math -fno-lto -mexecute-only,runs/fir-r9/gpr-window-capture-1/report.json
fir-tiny4-gpr-window-v1,97194ca32110e32955f37bdc070d1b49a0741f2f,b43cf6f34d41cfd82528add4169c48a1cae161f1cf12eb0835823b7395303358,capture1:B15:N64,accepted_with_user_allowance,885.2265625,CMSIS=1051.2421875;delta=-166.015625;allowance=2;strict_parity=True;pair/T9 pass,AC6 6.24,-O3 -ffast-math -fno-lto -mexecute-only,runs/fir-r9/gpr-window-capture-1/report.json
fir-tiny4-gpr-window-v1,97194ca32110e32955f37bdc070d1b49a0741f2f,b43cf6f34d41cfd82528add4169c48a1cae161f1cf12eb0835823b7395303358,capture1:B15:N128,accepted_with_user_allowance,1596.2265625,CMSIS=2043.2421875;delta=-447.015625;allowance=2;strict_parity=True;pair/T9 pass,AC6 6.24,-O3 -ffast-math -fno-lto -mexecute-only,runs/fir-r9/gpr-window-capture-1/report.json
fir-tiny4-gpr-window-v1,97194ca32110e32955f37bdc070d1b49a0741f2f,b43cf6f34d41cfd82528add4169c48a1cae161f1cf12eb0835823b7395303358,capture1:B16:N1,accepted_with_user_allowance,48.02978515625,CMSIS=106.0302734375;delta=-58.00048828125;allowance=2;strict_parity=True;pair/T9 pass,AC6 6.24,-O3 -ffast-math -fno-lto -mexecute-only,runs/fir-r9/gpr-window-capture-1/report.json
fir-tiny4-gpr-window-v1,97194ca32110e32955f37bdc070d1b49a0741f2f,b43cf6f34d41cfd82528add4169c48a1cae161f1cf12eb0835823b7395303358,capture1:B16:N2,accepted_with_user_allowance,67.0361328125,CMSIS=106.037109375;delta=-39.0009765625;allowance=2;strict_parity=True;pair/T9 pass,AC6 6.24,-O3 -ffast-math -fno-lto -mexecute-only,runs/fir-r9/gpr-window-capture-1/report.json
fir-tiny4-gpr-window-v1,97194ca32110e32955f37bdc070d1b49a0741f2f,b43cf6f34d41cfd82528add4169c48a1cae161f1cf12eb0835823b7395303358,capture1:B16:N3,accepted_with_user_allowance,73.0361328125,CMSIS=102.037109375;delta=-29.0009765625;allowance=2;strict_parity=True;pair/T9 pass,AC6 6.24,-O3 -ffast-math -fno-lto -mexecute-only,runs/fir-r9/gpr-window-capture-1/report.json
fir-tiny4-gpr-window-v1,97194ca32110e32955f37bdc070d1b49a0741f2f,b43cf6f34d41cfd82528add4169c48a1cae161f1cf12eb0835823b7395303358,capture1:B16:N4,accepted_with_user_allowance,86.0361328125,CMSIS=106.037109375;delta=-20.0009765625;allowance=2;strict_parity=True;pair/T9 pass,AC6 6.24,-O3 -ffast-math -fno-lto -mexecute-only,runs/fir-r9/gpr-window-capture-1/report.json
fir-tiny4-gpr-window-v1,97194ca32110e32955f37bdc070d1b49a0741f2f,b43cf6f34d41cfd82528add4169c48a1cae161f1cf12eb0835823b7395303358,capture1:B16:N5,accepted_with_user_allowance,100.048828125,CMSIS=154.05078125;delta=-54.001953125;allowance=2;strict_parity=True;pair/T9 pass,AC6 6.24,-O3 -ffast-math -fno-lto -mexecute-only,runs/fir-r9/gpr-window-capture-1/report.json
fir-tiny4-gpr-window-v1,97194ca32110e32955f37bdc070d1b49a0741f2f,b43cf6f34d41cfd82528add4169c48a1cae161f1cf12eb0835823b7395303358,capture1:B16:N6,accepted_with_user_allowance,118.048828125,CMSIS=161.05078125;delta=-43.001953125;allowance=2;strict_parity=True;pair/T9 pass,AC6 6.24,-O3 -ffast-math -fno-lto -mexecute-only,runs/fir-r9/gpr-window-capture-1/report.json
fir-tiny4-gpr-window-v1,97194ca32110e32955f37bdc070d1b49a0741f2f,b43cf6f34d41cfd82528add4169c48a1cae161f1cf12eb0835823b7395303358,capture1:B16:N7,accepted_with_user_allowance,125.048828125,CMSIS=159.05078125;delta=-34.001953125;allowance=2;strict_parity=True;pair/T9 pass,AC6 6.24,-O3 -ffast-math -fno-lto -mexecute-only,runs/fir-r9/gpr-window-capture-1/report.json
fir-tiny4-gpr-window-v1,97194ca32110e32955f37bdc070d1b49a0741f2f,b43cf6f34d41cfd82528add4169c48a1cae161f1cf12eb0835823b7395303358,capture1:B16:N8,accepted_with_user_allowance,147.048828125,CMSIS=161.05078125;delta=-14.001953125;allowance=2;strict_parity=True;pair/T9 pass,AC6 6.24,-O3 -ffast-math -fno-lto -mexecute-only,runs/fir-r9/gpr-window-capture-1/report.json
fir-tiny4-gpr-window-v1,97194ca32110e32955f37bdc070d1b49a0741f2f,b43cf6f34d41cfd82528add4169c48a1cae161f1cf12eb0835823b7395303358,capture1:B16:N9,accepted_with_user_allowance,200.07421875,CMSIS=259.078125;delta=-59.00390625;allowance=2;strict_parity=True;pair/T9 pass,AC6 6.24,-O3 -ffast-math -fno-lto -mexecute-only,runs/fir-r9/gpr-window-capture-1/report.json
fir-tiny4-gpr-window-v1,97194ca32110e32955f37bdc070d1b49a0741f2f,b43cf6f34d41cfd82528add4169c48a1cae161f1cf12eb0835823b7395303358,capture1:B16:N15,accepted_with_user_allowance,265.07421875,CMSIS=300.078125;delta=-35.00390625;allowance=2;strict_parity=True;pair/T9 pass,AC6 6.24,-O3 -ffast-math -fno-lto -mexecute-only,runs/fir-r9/gpr-window-capture-1/report.json
fir-tiny4-gpr-window-v1,97194ca32110e32955f37bdc070d1b49a0741f2f,b43cf6f34d41cfd82528add4169c48a1cae161f1cf12eb0835823b7395303358,capture1:B16:N16,accepted_with_user_allowance,283.07421875,CMSIS=302.078125;delta=-19.00390625;allowance=2;strict_parity=True;pair/T9 pass,AC6 6.24,-O3 -ffast-math -fno-lto -mexecute-only,runs/fir-r9/gpr-window-capture-1/report.json
fir-tiny4-gpr-window-v1,97194ca32110e32955f37bdc070d1b49a0741f2f,b43cf6f34d41cfd82528add4169c48a1cae161f1cf12eb0835823b7395303358,capture1:B16:N17,accepted_with_user_allowance,290.07421875,CMSIS=389.078125;delta=-99.00390625;allowance=2;strict_parity=True;pair/T9 pass,AC6 6.24,-O3 -ffast-math -fno-lto -mexecute-only,runs/fir-r9/gpr-window-capture-1/report.json
fir-tiny4-gpr-window-v1,97194ca32110e32955f37bdc070d1b49a0741f2f,b43cf6f34d41cfd82528add4169c48a1cae161f1cf12eb0835823b7395303358,capture1:B16:N31,accepted_with_user_allowance,445.125,CMSIS=555.1328125;delta=-110.0078125;allowance=2;strict_parity=True;pair/T9 pass,AC6 6.24,-O3 -ffast-math -fno-lto -mexecute-only,runs/fir-r9/gpr-window-capture-1/report.json
fir-tiny4-gpr-window-v1,97194ca32110e32955f37bdc070d1b49a0741f2f,b43cf6f34d41cfd82528add4169c48a1cae161f1cf12eb0835823b7395303358,capture1:B16:N32,accepted_with_user_allowance,460.125,CMSIS=557.1328125;delta=-97.0078125;allowance=2;strict_parity=True;pair/T9 pass,AC6 6.24,-O3 -ffast-math -fno-lto -mexecute-only,runs/fir-r9/gpr-window-capture-1/report.json
fir-tiny4-gpr-window-v1,97194ca32110e32955f37bdc070d1b49a0741f2f,b43cf6f34d41cfd82528add4169c48a1cae161f1cf12eb0835823b7395303358,capture1:B16:N33,accepted_with_user_allowance,503.375,CMSIS=637.1328125;delta=-133.7578125;allowance=2;strict_parity=True;pair/T9 pass,AC6 6.24,-O3 -ffast-math -fno-lto -mexecute-only,runs/fir-r9/gpr-window-capture-1/report.json
fir-tiny4-gpr-window-v1,97194ca32110e32955f37bdc070d1b49a0741f2f,b43cf6f34d41cfd82528add4169c48a1cae161f1cf12eb0835823b7395303358,capture1:B16:N64,accepted_with_user_allowance,821.4765625,CMSIS=1053.2421875;delta=-231.765625;allowance=2;strict_parity=True;pair/T9 pass,AC6 6.24,-O3 -ffast-math -fno-lto -mexecute-only,runs/fir-r9/gpr-window-capture-1/report.json
fir-tiny4-gpr-window-v1,97194ca32110e32955f37bdc070d1b49a0741f2f,b43cf6f34d41cfd82528add4169c48a1cae161f1cf12eb0835823b7395303358,capture1:B16:N128,accepted_with_user_allowance,1468.4765625,CMSIS=2045.2421875;delta=-576.765625;allowance=2;strict_parity=True;pair/T9 pass,AC6 6.24,-O3 -ffast-math -fno-lto -mexecute-only,runs/fir-r9/gpr-window-capture-1/report.json
fir-tiny4-gpr-window-v1,97194ca32110e32955f37bdc070d1b49a0741f2f,b43cf6f34d41cfd82528add4169c48a1cae161f1cf12eb0835823b7395303358,capture1:B17:N1,accepted_with_user_allowance,53.0361328125,CMSIS=120.037109375;delta=-67.0009765625;allowance=2;strict_parity=True;pair/T9 pass,AC6 6.24,-O3 -ffast-math -fno-lto -mexecute-only,runs/fir-r9/gpr-window-capture-1/report.json
fir-tiny4-gpr-window-v1,97194ca32110e32955f37bdc070d1b49a0741f2f,b43cf6f34d41cfd82528add4169c48a1cae161f1cf12eb0835823b7395303358,capture1:B17:N2,accepted_with_user_allowance,70.0361328125,CMSIS=120.037109375;delta=-50.0009765625;allowance=2;strict_parity=True;pair/T9 pass,AC6 6.24,-O3 -ffast-math -fno-lto -mexecute-only,runs/fir-r9/gpr-window-capture-1/report.json
fir-tiny4-gpr-window-v1,97194ca32110e32955f37bdc070d1b49a0741f2f,b43cf6f34d41cfd82528add4169c48a1cae161f1cf12eb0835823b7395303358,capture1:B17:N3,accepted_with_user_allowance,85.0361328125,CMSIS=115.037109375;delta=-30.0009765625;allowance=2;strict_parity=True;pair/T9 pass,AC6 6.24,-O3 -ffast-math -fno-lto -mexecute-only,runs/fir-r9/gpr-window-capture-1/report.json
fir-tiny4-gpr-window-v1,97194ca32110e32955f37bdc070d1b49a0741f2f,b43cf6f34d41cfd82528add4169c48a1cae161f1cf12eb0835823b7395303358,capture1:B17:N4,accepted_with_user_allowance,106.048828125,CMSIS=120.05078125;delta=-14.001953125;allowance=2;strict_parity=True;pair/T9 pass,AC6 6.24,-O3 -ffast-math -fno-lto -mexecute-only,runs/fir-r9/gpr-window-capture-1/report.json
fir-tiny4-gpr-window-v1,97194ca32110e32955f37bdc070d1b49a0741f2f,b43cf6f34d41cfd82528add4169c48a1cae161f1cf12eb0835823b7395303358,capture1:B17:N5,accepted_with_user_allowance,113.048828125,CMSIS=176.05078125;delta=-63.001953125;allowance=2;strict_parity=True;pair/T9 pass,AC6 6.24,-O3 -ffast-math -fno-lto -mexecute-only,runs/fir-r9/gpr-window-capture-1/report.json
fir-tiny4-gpr-window-v1,97194ca32110e32955f37bdc070d1b49a0741f2f,b43cf6f34d41cfd82528add4169c48a1cae161f1cf12eb0835823b7395303358,capture1:B17:N6,accepted_with_user_allowance,133.048828125,CMSIS=180.05078125;delta=-47.001953125;allowance=2;strict_parity=True;pair/T9 pass,AC6 6.24,-O3 -ffast-math -fno-lto -mexecute-only,runs/fir-r9/gpr-window-capture-1/report.json
fir-tiny4-gpr-window-v1,97194ca32110e32955f37bdc070d1b49a0741f2f,b43cf6f34d41cfd82528add4169c48a1cae161f1cf12eb0835823b7395303358,capture1:B17:N7,accepted_with_user_allowance,141.048828125,CMSIS=183.05078125;delta=-42.001953125;allowance=2;strict_parity=True;pair/T9 pass,AC6 6.24,-O3 -ffast-math -fno-lto -mexecute-only,runs/fir-r9/gpr-window-capture-1/report.json
fir-tiny4-gpr-window-v1,97194ca32110e32955f37bdc070d1b49a0741f2f,b43cf6f34d41cfd82528add4169c48a1cae161f1cf12eb0835823b7395303358,capture1:B17:N8,accepted_with_user_allowance,166.048828125,CMSIS=183.05078125;delta=-17.001953125;allowance=2;strict_parity=True;pair/T9 pass,AC6 6.24,-O3 -ffast-math -fno-lto -mexecute-only,runs/fir-r9/gpr-window-capture-1/report.json
fir-tiny4-gpr-window-v1,97194ca32110e32955f37bdc070d1b49a0741f2f,b43cf6f34d41cfd82528add4169c48a1cae161f1cf12eb0835823b7395303358,capture1:B17:N9,accepted_with_user_allowance,236.07421875,CMSIS=293.078125;delta=-57.00390625;allowance=2;strict_parity=True;pair/T9 pass,AC6 6.24,-O3 -ffast-math -fno-lto -mexecute-only,runs/fir-r9/gpr-window-capture-1/report.json
fir-tiny4-gpr-window-v1,97194ca32110e32955f37bdc070d1b49a0741f2f,b43cf6f34d41cfd82528add4169c48a1cae161f1cf12eb0835823b7395303358,capture1:B17:N15,accepted_with_user_allowance,304.07421875,CMSIS=346.078125;delta=-42.00390625;allowance=2;strict_parity=True;pair/T9 pass,AC6 6.24,-O3 -ffast-math -fno-lto -mexecute-only,runs/fir-r9/gpr-window-capture-1/report.json
fir-tiny4-gpr-window-v1,97194ca32110e32955f37bdc070d1b49a0741f2f,b43cf6f34d41cfd82528add4169c48a1cae161f1cf12eb0835823b7395303358,capture1:B17:N16,accepted_with_user_allowance,335.07421875,CMSIS=346.078125;delta=-11.00390625;allowance=2;strict_parity=True;pair/T9 pass,AC6 6.24,-O3 -ffast-math -fno-lto -mexecute-only,runs/fir-r9/gpr-window-capture-1/report.json
fir-tiny4-gpr-window-v1,97194ca32110e32955f37bdc070d1b49a0741f2f,b43cf6f34d41cfd82528add4169c48a1cae161f1cf12eb0835823b7395303358,capture1:B17:N17,accepted_with_user_allowance,334.07421875,CMSIS=444.078125;delta=-110.00390625;allowance=2;strict_parity=True;pair/T9 pass,AC6 6.24,-O3 -ffast-math -fno-lto -mexecute-only,runs/fir-r9/gpr-window-capture-1/report.json
fir-tiny4-gpr-window-v1,97194ca32110e32955f37bdc070d1b49a0741f2f,b43cf6f34d41cfd82528add4169c48a1cae161f1cf12eb0835823b7395303358,capture1:B17:N31,accepted_with_user_allowance,500.125,CMSIS=643.1328125;delta=-143.0078125;allowance=2;strict_parity=True;pair/T9 pass,AC6 6.24,-O3 -ffast-math -fno-lto -mexecute-only,runs/fir-r9/gpr-window-capture-1/report.json
fir-tiny4-gpr-window-v1,97194ca32110e32955f37bdc070d1b49a0741f2f,b43cf6f34d41cfd82528add4169c48a1cae161f1cf12eb0835823b7395303358,capture1:B17:N32,accepted_with_user_allowance,516.125,CMSIS=643.1328125;delta=-127.0078125;allowance=2;strict_parity=True;pair/T9 pass,AC6 6.24,-O3 -ffast-math -fno-lto -mexecute-only,runs/fir-r9/gpr-window-capture-1/report.json
fir-tiny4-gpr-window-v1,97194ca32110e32955f37bdc070d1b49a0741f2f,b43cf6f34d41cfd82528add4169c48a1cae161f1cf12eb0835823b7395303358,capture1:B17:N33,accepted_with_user_allowance,690.4453125,CMSIS=734.1328125;delta=-43.6875;allowance=2;strict_parity=True;pair/T9 pass,AC6 6.24,-O3 -ffast-math -fno-lto -mexecute-only,runs/fir-r9/gpr-window-capture-1/report.json
fir-tiny4-gpr-window-v1,97194ca32110e32955f37bdc070d1b49a0741f2f,b43cf6f34d41cfd82528add4169c48a1cae161f1cf12eb0835823b7395303358,capture1:B17:N64,accepted_with_user_allowance,1164.9921875,CMSIS=1223.2421875;delta=-58.25;allowance=2;strict_parity=True;pair/T9 pass,AC6 6.24,-O3 -ffast-math -fno-lto -mexecute-only,runs/fir-r9/gpr-window-capture-1/report.json
fir-tiny4-gpr-window-v1,97194ca32110e32955f37bdc070d1b49a0741f2f,b43cf6f34d41cfd82528add4169c48a1cae161f1cf12eb0835823b7395303358,capture1:B17:N128,accepted_with_user_allowance,2133.2421875,CMSIS=2383.2421875;delta=-250.0;allowance=2;strict_parity=True;pair/T9 pass,AC6 6.24,-O3 -ffast-math -fno-lto -mexecute-only,runs/fir-r9/gpr-window-capture-1/report.json
fir-tiny4-gpr-window-v1,97194ca32110e32955f37bdc070d1b49a0741f2f,b43cf6f34d41cfd82528add4169c48a1cae161f1cf12eb0835823b7395303358,capture1:B31:N1,accepted_with_user_allowance,68.0361328125,CMSIS=168.037109375;delta=-100.0009765625;allowance=2;strict_parity=True;pair/T9 pass,AC6 6.24,-O3 -ffast-math -fno-lto -mexecute-only,runs/fir-r9/gpr-window-capture-1/report.json
fir-tiny4-gpr-window-v1,97194ca32110e32955f37bdc070d1b49a0741f2f,b43cf6f34d41cfd82528add4169c48a1cae161f1cf12eb0835823b7395303358,capture1:B31:N2,accepted_with_user_allowance,103.048828125,CMSIS=168.05078125;delta=-65.001953125;allowance=2;strict_parity=True;pair/T9 pass,AC6 6.24,-O3 -ffast-math -fno-lto -mexecute-only,runs/fir-r9/gpr-window-capture-1/report.json
fir-tiny4-gpr-window-v1,97194ca32110e32955f37bdc070d1b49a0741f2f,b43cf6f34d41cfd82528add4169c48a1cae161f1cf12eb0835823b7395303358,capture1:B31:N3,accepted_with_user_allowance,118.048828125,CMSIS=160.05078125;delta=-42.001953125;allowance=2;strict_parity=True;pair/T9 pass,AC6 6.24,-O3 -ffast-math -fno-lto -mexecute-only,runs/fir-r9/gpr-window-capture-1/report.json
fir-tiny4-gpr-window-v1,97194ca32110e32955f37bdc070d1b49a0741f2f,b43cf6f34d41cfd82528add4169c48a1cae161f1cf12eb0835823b7395303358,capture1:B31:N4,accepted_with_user_allowance,137.048828125,CMSIS=168.05078125;delta=-31.001953125;allowance=2;strict_parity=True;pair/T9 pass,AC6 6.24,-O3 -ffast-math -fno-lto -mexecute-only,runs/fir-r9/gpr-window-capture-1/report.json
fir-tiny4-gpr-window-v1,97194ca32110e32955f37bdc070d1b49a0741f2f,b43cf6f34d41cfd82528add4169c48a1cae161f1cf12eb0835823b7395303358,capture1:B31:N5,accepted_with_user_allowance,152.048828125,CMSIS=244.05078125;delta=-92.001953125;allowance=2;strict_parity=True;pair/T9 pass,AC6 6.24,-O3 -ffast-math -fno-lto -mexecute-only,runs/fir-r9/gpr-window-capture-1/report.json
fir-tiny4-gpr-window-v1,97194ca32110e32955f37bdc070d1b49a0741f2f,b43cf6f34d41cfd82528add4169c48a1cae161f1cf12eb0835823b7395303358,capture1:B31:N6,accepted_with_user_allowance,178.048828125,CMSIS=251.05078125;delta=-73.001953125;allowance=2;strict_parity=True;pair/T9 pass,AC6 6.24,-O3 -ffast-math -fno-lto -mexecute-only,runs/fir-r9/gpr-window-capture-1/report.json
fir-tiny4-gpr-window-v1,97194ca32110e32955f37bdc070d1b49a0741f2f,b43cf6f34d41cfd82528add4169c48a1cae161f1cf12eb0835823b7395303358,capture1:B31:N7,accepted_with_user_allowance,189.048828125,CMSIS=251.05078125;delta=-62.001953125;allowance=2;strict_parity=True;pair/T9 pass,AC6 6.24,-O3 -ffast-math -fno-lto -mexecute-only,runs/fir-r9/gpr-window-capture-1/report.json
fir-tiny4-gpr-window-v1,97194ca32110e32955f37bdc070d1b49a0741f2f,b43cf6f34d41cfd82528add4169c48a1cae161f1cf12eb0835823b7395303358,capture1:B31:N8,accepted_with_user_allowance,223.07421875,CMSIS=245.078125;delta=-22.00390625;allowance=2;strict_parity=True;pair/T9 pass,AC6 6.24,-O3 -ffast-math -fno-lto -mexecute-only,runs/fir-r9/gpr-window-capture-1/report.json
fir-tiny4-gpr-window-v1,97194ca32110e32955f37bdc070d1b49a0741f2f,b43cf6f34d41cfd82528add4169c48a1cae161f1cf12eb0835823b7395303358,capture1:B31:N9,accepted_with_user_allowance,332.07421875,CMSIS=405.078125;delta=-73.00390625;allowance=2;strict_parity=True;pair/T9 pass,AC6 6.24,-O3 -ffast-math -fno-lto -mexecute-only,runs/fir-r9/gpr-window-capture-1/report.json
fir-tiny4-gpr-window-v1,97194ca32110e32955f37bdc070d1b49a0741f2f,b43cf6f34d41cfd82528add4169c48a1cae161f1cf12eb0835823b7395303358,capture1:B31:N15,accepted_with_user_allowance,450.125,CMSIS=482.1328125;delta=-32.0078125;allowance=2;strict_parity=True;pair/T9 pass,AC6 6.24,-O3 -ffast-math -fno-lto -mexecute-only,runs/fir-r9/gpr-window-capture-1/report.json
fir-tiny4-gpr-window-v1,97194ca32110e32955f37bdc070d1b49a0741f2f,b43cf6f34d41cfd82528add4169c48a1cae161f1cf12eb0835823b7395303358,capture1:B31:N16,accepted_with_user_allowance,451.125,CMSIS=476.1328125;delta=-25.0078125;allowance=2;strict_parity=True;pair/T9 pass,AC6 6.24,-O3 -ffast-math -fno-lto -mexecute-only,runs/fir-r9/gpr-window-capture-1/report.json
fir-tiny4-gpr-window-v1,97194ca32110e32955f37bdc070d1b49a0741f2f,b43cf6f34d41cfd82528add4169c48a1cae161f1cf12eb0835823b7395303358,capture1:B31:N17,accepted_with_user_allowance,502.125,CMSIS=619.1328125;delta=-117.0078125;allowance=2;strict_parity=True;pair/T9 pass,AC6 6.24,-O3 -ffast-math -fno-lto -mexecute-only,runs/fir-r9/gpr-window-capture-1/report.json
fir-tiny4-gpr-window-v1,97194ca32110e32955f37bdc070d1b49a0741f2f,b43cf6f34d41cfd82528add4169c48a1cae161f1cf12eb0835823b7395303358,capture1:B31:N31,accepted_with_user_allowance,790.2265625,CMSIS=905.2421875;delta=-115.015625;allowance=2;strict_parity=True;pair/T9 pass,AC6 6.24,-O3 -ffast-math -fno-lto -mexecute-only,runs/fir-r9/gpr-window-capture-1/report.json
fir-tiny4-gpr-window-v1,97194ca32110e32955f37bdc070d1b49a0741f2f,b43cf6f34d41cfd82528add4169c48a1cae161f1cf12eb0835823b7395303358,capture1:B31:N32,accepted_with_user_allowance,822.2265625,CMSIS=899.2421875;delta=-77.015625;allowance=2;strict_parity=True;pair/T9 pass,AC6 6.24,-O3 -ffast-math -fno-lto -mexecute-only,runs/fir-r9/gpr-window-capture-1/report.json
fir-tiny4-gpr-window-v1,97194ca32110e32955f37bdc070d1b49a0741f2f,b43cf6f34d41cfd82528add4169c48a1cae161f1cf12eb0835823b7395303358,capture1:B31:N33,accepted_with_user_allowance,911.7265625,CMSIS=1035.2421875;delta=-123.515625;allowance=2;strict_parity=True;pair/T9 pass,AC6 6.24,-O3 -ffast-math -fno-lto -mexecute-only,runs/fir-r9/gpr-window-capture-1/report.json
fir-tiny4-gpr-window-v1,97194ca32110e32955f37bdc070d1b49a0741f2f,b43cf6f34d41cfd82528add4169c48a1cae161f1cf12eb0835823b7395303358,capture1:B31:N64,accepted_with_user_allowance,1575.7265625,CMSIS=1731.2421875;delta=-155.515625;allowance=2;strict_parity=True;pair/T9 pass,AC6 6.24,-O3 -ffast-math -fno-lto -mexecute-only,runs/fir-r9/gpr-window-capture-1/report.json
fir-tiny4-gpr-window-v1,97194ca32110e32955f37bdc070d1b49a0741f2f,b43cf6f34d41cfd82528add4169c48a1cae161f1cf12eb0835823b7395303358,capture1:B31:N128,accepted_with_user_allowance,2936.7265625,CMSIS=3395.2421875;delta=-458.515625;allowance=2;strict_parity=True;pair/T9 pass,AC6 6.24,-O3 -ffast-math -fno-lto -mexecute-only,runs/fir-r9/gpr-window-capture-1/report.json
fir-tiny4-gpr-window-v1,97194ca32110e32955f37bdc070d1b49a0741f2f,b43cf6f34d41cfd82528add4169c48a1cae161f1cf12eb0835823b7395303358,capture1:B32:N1,accepted_with_user_allowance,68.0361328125,CMSIS=170.037109375;delta=-102.0009765625;allowance=2;strict_parity=True;pair/T9 pass,AC6 6.24,-O3 -ffast-math -fno-lto -mexecute-only,runs/fir-r9/gpr-window-capture-1/report.json
fir-tiny4-gpr-window-v1,97194ca32110e32955f37bdc070d1b49a0741f2f,b43cf6f34d41cfd82528add4169c48a1cae161f1cf12eb0835823b7395303358,capture1:B32:N2,accepted_with_user_allowance,95.0361328125,CMSIS=170.037109375;delta=-75.0009765625;allowance=2;strict_parity=True;pair/T9 pass,AC6 6.24,-O3 -ffast-math -fno-lto -mexecute-only,runs/fir-r9/gpr-window-capture-1/report.json
fir-tiny4-gpr-window-v1,97194ca32110e32955f37bdc070d1b49a0741f2f,b43cf6f34d41cfd82528add4169c48a1cae161f1cf12eb0835823b7395303358,capture1:B32:N3,accepted_with_user_allowance,109.048828125,CMSIS=162.05078125;delta=-53.001953125;allowance=2;strict_parity=True;pair/T9 pass,AC6 6.24,-O3 -ffast-math -fno-lto -mexecute-only,runs/fir-r9/gpr-window-capture-1/report.json
fir-tiny4-gpr-window-v1,97194ca32110e32955f37bdc070d1b49a0741f2f,b43cf6f34d41cfd82528add4169c48a1cae161f1cf12eb0835823b7395303358,capture1:B32:N4,accepted_with_user_allowance,130.048828125,CMSIS=170.05078125;delta=-40.001953125;allowance=2;strict_parity=True;pair/T9 pass,AC6 6.24,-O3 -ffast-math -fno-lto -mexecute-only,runs/fir-r9/gpr-window-capture-1/report.json
fir-tiny4-gpr-window-v1,97194ca32110e32955f37bdc070d1b49a0741f2f,b43cf6f34d41cfd82528add4169c48a1cae161f1cf12eb0835823b7395303358,capture1:B32:N5,accepted_with_user_allowance,152.048828125,CMSIS=242.05078125;delta=-90.001953125;allowance=2;strict_parity=True;pair/T9 pass,AC6 6.24,-O3 -ffast-math -fno-lto -mexecute-only,runs/fir-r9/gpr-window-capture-1/report.json
fir-tiny4-gpr-window-v1,97194ca32110e32955f37bdc070d1b49a0741f2f,b43cf6f34d41cfd82528add4169c48a1cae161f1cf12eb0835823b7395303358,capture1:B32:N6,accepted_with_user_allowance,178.048828125,CMSIS=249.05078125;delta=-71.001953125;allowance=2;strict_parity=True;pair/T9 pass,AC6 6.24,-O3 -ffast-math -fno-lto -mexecute-only,runs/fir-r9/gpr-window-capture-1/report.json
fir-tiny4-gpr-window-v1,97194ca32110e32955f37bdc070d1b49a0741f2f,b43cf6f34d41cfd82528add4169c48a1cae161f1cf12eb0835823b7395303358,capture1:B32:N7,accepted_with_user_allowance,189.048828125,CMSIS=243.05078125;delta=-54.001953125;allowance=2;strict_parity=True;pair/T9 pass,AC6 6.24,-O3 -ffast-math -fno-lto -mexecute-only,runs/fir-r9/gpr-window-capture-1/report.json
fir-tiny4-gpr-window-v1,97194ca32110e32955f37bdc070d1b49a0741f2f,b43cf6f34d41cfd82528add4169c48a1cae161f1cf12eb0835823b7395303358,capture1:B32:N8,accepted_with_user_allowance,223.07421875,CMSIS=249.078125;delta=-26.00390625;allowance=2;strict_parity=True;pair/T9 pass,AC6 6.24,-O3 -ffast-math -fno-lto -mexecute-only,runs/fir-r9/gpr-window-capture-1/report.json
fir-tiny4-gpr-window-v1,97194ca32110e32955f37bdc070d1b49a0741f2f,b43cf6f34d41cfd82528add4169c48a1cae161f1cf12eb0835823b7395303358,capture1:B32:N9,accepted_with_user_allowance,328.07421875,CMSIS=407.078125;delta=-79.00390625;allowance=2;strict_parity=True;pair/T9 pass,AC6 6.24,-O3 -ffast-math -fno-lto -mexecute-only,runs/fir-r9/gpr-window-capture-1/report.json
fir-tiny4-gpr-window-v1,97194ca32110e32955f37bdc070d1b49a0741f2f,b43cf6f34d41cfd82528add4169c48a1cae161f1cf12eb0835823b7395303358,capture1:B32:N15,accepted_with_user_allowance,446.125,CMSIS=476.1328125;delta=-30.0078125;allowance=2;strict_parity=True;pair/T9 pass,AC6 6.24,-O3 -ffast-math -fno-lto -mexecute-only,runs/fir-r9/gpr-window-capture-1/report.json
fir-tiny4-gpr-window-v1,97194ca32110e32955f37bdc070d1b49a0741f2f,b43cf6f34d41cfd82528add4169c48a1cae161f1cf12eb0835823b7395303358,capture1:B32:N16,accepted_with_user_allowance,452.125,CMSIS=482.1328125;delta=-30.0078125;allowance=2;strict_parity=True;pair/T9 pass,AC6 6.24,-O3 -ffast-math -fno-lto -mexecute-only,runs/fir-r9/gpr-window-capture-1/report.json
fir-tiny4-gpr-window-v1,97194ca32110e32955f37bdc070d1b49a0741f2f,b43cf6f34d41cfd82528add4169c48a1cae161f1cf12eb0835823b7395303358,capture1:B32:N17,accepted_with_user_allowance,498.125,CMSIS=621.1328125;delta=-123.0078125;allowance=2;strict_parity=True;pair/T9 pass,AC6 6.24,-O3 -ffast-math -fno-lto -mexecute-only,runs/fir-r9/gpr-window-capture-1/report.json
fir-tiny4-gpr-window-v1,97194ca32110e32955f37bdc070d1b49a0741f2f,b43cf6f34d41cfd82528add4169c48a1cae161f1cf12eb0835823b7395303358,capture1:B32:N31,accepted_with_user_allowance,786.2265625,CMSIS=899.2421875;delta=-113.015625;allowance=2;strict_parity=True;pair/T9 pass,AC6 6.24,-O3 -ffast-math -fno-lto -mexecute-only,runs/fir-r9/gpr-window-capture-1/report.json
fir-tiny4-gpr-window-v1,97194ca32110e32955f37bdc070d1b49a0741f2f,b43cf6f34d41cfd82528add4169c48a1cae161f1cf12eb0835823b7395303358,capture1:B32:N32,accepted_with_user_allowance,818.2265625,CMSIS=905.2421875;delta=-87.015625;allowance=2;strict_parity=True;pair/T9 pass,AC6 6.24,-O3 -ffast-math -fno-lto -mexecute-only,runs/fir-r9/gpr-window-capture-1/report.json
fir-tiny4-gpr-window-v1,97194ca32110e32955f37bdc070d1b49a0741f2f,b43cf6f34d41cfd82528add4169c48a1cae161f1cf12eb0835823b7395303358,capture1:B32:N33,accepted_with_user_allowance,878.7265625,CMSIS=1037.2421875;delta=-158.515625;allowance=2;strict_parity=True;pair/T9 pass,AC6 6.24,-O3 -ffast-math -fno-lto -mexecute-only,runs/fir-r9/gpr-window-capture-1/report.json
fir-tiny4-gpr-window-v1,97194ca32110e32955f37bdc070d1b49a0741f2f,b43cf6f34d41cfd82528add4169c48a1cae161f1cf12eb0835823b7395303358,capture1:B32:N64,accepted_with_user_allowance,1511.7265625,CMSIS=1737.2421875;delta=-225.515625;allowance=2;strict_parity=True;pair/T9 pass,AC6 6.24,-O3 -ffast-math -fno-lto -mexecute-only,runs/fir-r9/gpr-window-capture-1/report.json
fir-tiny4-gpr-window-v1,97194ca32110e32955f37bdc070d1b49a0741f2f,b43cf6f34d41cfd82528add4169c48a1cae161f1cf12eb0835823b7395303358,capture1:B32:N128,accepted_with_user_allowance,2808.7265625,CMSIS=3401.2421875;delta=-592.515625;allowance=2;strict_parity=True;pair/T9 pass,AC6 6.24,-O3 -ffast-math -fno-lto -mexecute-only,runs/fir-r9/gpr-window-capture-1/report.json
fir-tiny4-gpr-window-v1,97194ca32110e32955f37bdc070d1b49a0741f2f,b43cf6f34d41cfd82528add4169c48a1cae161f1cf12eb0835823b7395303358,capture1:B63:N1,accepted_with_user_allowance,108.048828125,CMSIS=296.05078125;delta=-188.001953125;allowance=2;strict_parity=True;pair/T9 pass,AC6 6.24,-O3 -ffast-math -fno-lto -mexecute-only,runs/fir-r9/gpr-window-capture-1/report.json
fir-tiny4-gpr-window-v1,97194ca32110e32955f37bdc070d1b49a0741f2f,b43cf6f34d41cfd82528add4169c48a1cae161f1cf12eb0835823b7395303358,capture1:B63:N2,accepted_with_user_allowance,159.048828125,CMSIS=296.05078125;delta=-137.001953125;allowance=2;strict_parity=True;pair/T9 pass,AC6 6.24,-O3 -ffast-math -fno-lto -mexecute-only,runs/fir-r9/gpr-window-capture-1/report.json
fir-tiny4-gpr-window-v1,97194ca32110e32955f37bdc070d1b49a0741f2f,b43cf6f34d41cfd82528add4169c48a1cae161f1cf12eb0835823b7395303358,capture1:B63:N3,accepted_with_user_allowance,190.048828125,CMSIS=280.05078125;delta=-90.001953125;allowance=2;strict_parity=True;pair/T9 pass,AC6 6.24,-O3 -ffast-math -fno-lto -mexecute-only,runs/fir-r9/gpr-window-capture-1/report.json
fir-tiny4-gpr-window-v1,97194ca32110e32955f37bdc070d1b49a0741f2f,b43cf6f34d41cfd82528add4169c48a1cae161f1cf12eb0835823b7395303358,capture1:B63:N4,accepted_with_user_allowance,225.07421875,CMSIS=296.078125;delta=-71.00390625;allowance=2;strict_parity=True;pair/T9 pass,AC6 6.24,-O3 -ffast-math -fno-lto -mexecute-only,runs/fir-r9/gpr-window-capture-1/report.json
fir-tiny4-gpr-window-v1,97194ca32110e32955f37bdc070d1b49a0741f2f,b43cf6f34d41cfd82528add4169c48a1cae161f1cf12eb0835823b7395303358,capture1:B63:N5,accepted_with_user_allowance,256.07421875,CMSIS=420.078125;delta=-164.00390625;allowance=2;strict_parity=True;pair/T9 pass,AC6 6.24,-O3 -ffast-math -fno-lto -mexecute-only,runs/fir-r9/gpr-window-capture-1/report.json
fir-tiny4-gpr-window-v1,97194ca32110e32955f37bdc070d1b49a0741f2f,b43cf6f34d41cfd82528add4169c48a1cae161f1cf12eb0835823b7395303358,capture1:B63:N6,accepted_with_user_allowance,298.07421875,CMSIS=427.078125;delta=-129.00390625;allowance=2;strict_parity=True;pair/T9 pass,AC6 6.24,-O3 -ffast-math -fno-lto -mexecute-only,runs/fir-r9/gpr-window-capture-1/report.json
fir-tiny4-gpr-window-v1,97194ca32110e32955f37bdc070d1b49a0741f2f,b43cf6f34d41cfd82528add4169c48a1cae161f1cf12eb0835823b7395303358,capture1:B63:N7,accepted_with_user_allowance,317.07421875,CMSIS=427.078125;delta=-110.00390625;allowance=2;strict_parity=True;pair/T9 pass,AC6 6.24,-O3 -ffast-math -fno-lto -mexecute-only,runs/fir-r9/gpr-window-capture-1/report.json
fir-tiny4-gpr-window-v1,97194ca32110e32955f37bdc070d1b49a0741f2f,b43cf6f34d41cfd82528add4169c48a1cae161f1cf12eb0835823b7395303358,capture1:B63:N8,accepted_with_user_allowance,375.07421875,CMSIS=413.078125;delta=-38.00390625;allowance=2;strict_parity=True;pair/T9 pass,AC6 6.24,-O3 -ffast-math -fno-lto -mexecute-only,runs/fir-r9/gpr-window-capture-1/report.json
fir-tiny4-gpr-window-v1,97194ca32110e32955f37bdc070d1b49a0741f2f,b43cf6f34d41cfd82528add4169c48a1cae161f1cf12eb0835823b7395303358,capture1:B63:N9,accepted_with_user_allowance,555.125,CMSIS=701.1328125;delta=-146.0078125;allowance=2;strict_parity=True;pair/T9 pass,AC6 6.24,-O3 -ffast-math -fno-lto -mexecute-only,runs/fir-r9/gpr-window-capture-1/report.json
fir-tiny4-gpr-window-v1,97194ca32110e32955f37bdc070d1b49a0741f2f,b43cf6f34d41cfd82528add4169c48a1cae161f1cf12eb0835823b7395303358,capture1:B63:N15,accepted_with_user_allowance,800.2265625,CMSIS=842.2421875;delta=-42.015625;allowance=2;strict_parity=True;pair/T9 pass,AC6 6.24,-O3 -ffast-math -fno-lto -mexecute-only,runs/fir-r9/gpr-window-capture-1/report.json
fir-tiny4-gpr-window-v1,97194ca32110e32955f37bdc070d1b49a0741f2f,b43cf6f34d41cfd82528add4169c48a1cae161f1cf12eb0835823b7395303358,capture1:B63:N16,accepted_with_user_allowance,806.2265625,CMSIS=828.2421875;delta=-22.015625;allowance=2;strict_parity=True;pair/T9 pass,AC6 6.24,-O3 -ffast-math -fno-lto -mexecute-only,runs/fir-r9/gpr-window-capture-1/report.json
fir-tiny4-gpr-window-v1,97194ca32110e32955f37bdc070d1b49a0741f2f,b43cf6f34d41cfd82528add4169c48a1cae161f1cf12eb0835823b7395303358,capture1:B63:N17,accepted_with_user_allowance,885.2265625,CMSIS=1083.2421875;delta=-198.015625;allowance=2;strict_parity=True;pair/T9 pass,AC6 6.24,-O3 -ffast-math -fno-lto -mexecute-only,runs/fir-r9/gpr-window-capture-1/report.json
fir-tiny4-gpr-window-v1,97194ca32110e32955f37bdc070d1b49a0741f2f,b43cf6f34d41cfd82528add4169c48a1cae161f1cf12eb0835823b7395303358,capture1:B63:N31,accepted_with_user_allowance,1470.2265625,CMSIS=1601.2421875;delta=-131.015625;allowance=2;strict_parity=True;pair/T9 pass,AC6 6.24,-O3 -ffast-math -fno-lto -mexecute-only,runs/fir-r9/gpr-window-capture-1/report.json
fir-tiny4-gpr-window-v1,97194ca32110e32955f37bdc070d1b49a0741f2f,b43cf6f34d41cfd82528add4169c48a1cae161f1cf12eb0835823b7395303358,capture1:B63:N32,accepted_with_user_allowance,1522.2265625,CMSIS=1587.2421875;delta=-65.015625;allowance=2;strict_parity=True;pair/T9 pass,AC6 6.24,-O3 -ffast-math -fno-lto -mexecute-only,runs/fir-r9/gpr-window-capture-1/report.json
fir-tiny4-gpr-window-v1,97194ca32110e32955f37bdc070d1b49a0741f2f,b43cf6f34d41cfd82528add4169c48a1cae161f1cf12eb0835823b7395303358,capture1:B63:N33,accepted_with_user_allowance,1665.2265625,CMSIS=1835.2421875;delta=-170.015625;allowance=2;strict_parity=True;pair/T9 pass,AC6 6.24,-O3 -ffast-math -fno-lto -mexecute-only,runs/fir-r9/gpr-window-capture-1/report.json
fir-tiny4-gpr-window-v1,97194ca32110e32955f37bdc070d1b49a0741f2f,b43cf6f34d41cfd82528add4169c48a1cae161f1cf12eb0835823b7395303358,capture1:B63:N64,accepted_with_user_allowance,2946.2265625,CMSIS=3091.2421875;delta=-145.015625;allowance=2;strict_parity=True;pair/T9 pass,AC6 6.24,-O3 -ffast-math -fno-lto -mexecute-only,runs/fir-r9/gpr-window-capture-1/report.json
fir-tiny4-gpr-window-v1,97194ca32110e32955f37bdc070d1b49a0741f2f,b43cf6f34d41cfd82528add4169c48a1cae161f1cf12eb0835823b7395303358,capture1:B63:N128,accepted_with_user_allowance,5607.2265625,CMSIS=6099.2421875;delta=-492.015625;allowance=2;strict_parity=True;pair/T9 pass,AC6 6.24,-O3 -ffast-math -fno-lto -mexecute-only,runs/fir-r9/gpr-window-capture-1/report.json
fir-tiny4-gpr-window-v1,97194ca32110e32955f37bdc070d1b49a0741f2f,b43cf6f34d41cfd82528add4169c48a1cae161f1cf12eb0835823b7395303358,capture1:B64:N1,accepted_with_user_allowance,108.048828125,CMSIS=298.05078125;delta=-190.001953125;allowance=2;strict_parity=True;pair/T9 pass,AC6 6.24,-O3 -ffast-math -fno-lto -mexecute-only,runs/fir-r9/gpr-window-capture-1/report.json
fir-tiny4-gpr-window-v1,97194ca32110e32955f37bdc070d1b49a0741f2f,b43cf6f34d41cfd82528add4169c48a1cae161f1cf12eb0835823b7395303358,capture1:B64:N2,accepted_with_user_allowance,151.048828125,CMSIS=298.05078125;delta=-147.001953125;allowance=2;strict_parity=True;pair/T9 pass,AC6 6.24,-O3 -ffast-math -fno-lto -mexecute-only,runs/fir-r9/gpr-window-capture-1/report.json
fir-tiny4-gpr-window-v1,97194ca32110e32955f37bdc070d1b49a0741f2f,b43cf6f34d41cfd82528add4169c48a1cae161f1cf12eb0835823b7395303358,capture1:B64:N3,accepted_with_user_allowance,181.048828125,CMSIS=282.05078125;delta=-101.001953125;allowance=2;strict_parity=True;pair/T9 pass,AC6 6.24,-O3 -ffast-math -fno-lto -mexecute-only,runs/fir-r9/gpr-window-capture-1/report.json
fir-tiny4-gpr-window-v1,97194ca32110e32955f37bdc070d1b49a0741f2f,b43cf6f34d41cfd82528add4169c48a1cae161f1cf12eb0835823b7395303358,capture1:B64:N4,accepted_with_user_allowance,218.07421875,CMSIS=298.078125;delta=-80.00390625;allowance=2;strict_parity=True;pair/T9 pass,AC6 6.24,-O3 -ffast-math -fno-lto -mexecute-only,runs/fir-r9/gpr-window-capture-1/report.json
fir-tiny4-gpr-window-v1,97194ca32110e32955f37bdc070d1b49a0741f2f,b43cf6f34d41cfd82528add4169c48a1cae161f1cf12eb0835823b7395303358,capture1:B64:N5,accepted_with_user_allowance,256.07421875,CMSIS=418.078125;delta=-162.00390625;allowance=2;strict_parity=True;pair/T9 pass,AC6 6.24,-O3 -ffast-math -fno-lto -mexecute-only,runs/fir-r9/gpr-window-capture-1/report.json
fir-tiny4-gpr-window-v1,97194ca32110e32955f37bdc070d1b49a0741f2f,b43cf6f34d41cfd82528add4169c48a1cae161f1cf12eb0835823b7395303358,capture1:B64:N6,accepted_with_user_allowance,298.07421875,CMSIS=425.078125;delta=-127.00390625;allowance=2;strict_parity=True;pair/T9 pass,AC6 6.24,-O3 -ffast-math -fno-lto -mexecute-only,runs/fir-r9/gpr-window-capture-1/report.json
fir-tiny4-gpr-window-v1,97194ca32110e32955f37bdc070d1b49a0741f2f,b43cf6f34d41cfd82528add4169c48a1cae161f1cf12eb0835823b7395303358,capture1:B64:N7,accepted_with_user_allowance,317.07421875,CMSIS=411.078125;delta=-94.00390625;allowance=2;strict_parity=True;pair/T9 pass,AC6 6.24,-O3 -ffast-math -fno-lto -mexecute-only,runs/fir-r9/gpr-window-capture-1/report.json
fir-tiny4-gpr-window-v1,97194ca32110e32955f37bdc070d1b49a0741f2f,b43cf6f34d41cfd82528add4169c48a1cae161f1cf12eb0835823b7395303358,capture1:B64:N8,accepted_with_user_allowance,375.07421875,CMSIS=425.078125;delta=-50.00390625;allowance=2;strict_parity=True;pair/T9 pass,AC6 6.24,-O3 -ffast-math -fno-lto -mexecute-only,runs/fir-r9/gpr-window-capture-1/report.json
fir-tiny4-gpr-window-v1,97194ca32110e32955f37bdc070d1b49a0741f2f,b43cf6f34d41cfd82528add4169c48a1cae161f1cf12eb0835823b7395303358,capture1:B64:N9,accepted_with_user_allowance,549.125,CMSIS=703.1328125;delta=-154.0078125;allowance=2;strict_parity=True;pair/T9 pass,AC6 6.24,-O3 -ffast-math -fno-lto -mexecute-only,runs/fir-r9/gpr-window-capture-1/report.json
fir-tiny4-gpr-window-v1,97194ca32110e32955f37bdc070d1b49a0741f2f,b43cf6f34d41cfd82528add4169c48a1cae161f1cf12eb0835823b7395303358,capture1:B64:N15,accepted_with_user_allowance,792.2265625,CMSIS=828.2421875;delta=-36.015625;allowance=2;strict_parity=True;pair/T9 pass,AC6 6.24,-O3 -ffast-math -fno-lto -mexecute-only,runs/fir-r9/gpr-window-capture-1/report.json
fir-tiny4-gpr-window-v1,97194ca32110e32955f37bdc070d1b49a0741f2f,b43cf6f34d41cfd82528add4169c48a1cae161f1cf12eb0835823b7395303358,capture1:B64:N16,accepted_with_user_allowance,806.2265625,CMSIS=842.2421875;delta=-36.015625;allowance=2;strict_parity=True;pair/T9 pass,AC6 6.24,-O3 -ffast-math -fno-lto -mexecute-only,runs/fir-r9/gpr-window-capture-1/report.json
fir-tiny4-gpr-window-v1,97194ca32110e32955f37bdc070d1b49a0741f2f,b43cf6f34d41cfd82528add4169c48a1cae161f1cf12eb0835823b7395303358,capture1:B64:N17,accepted_with_user_allowance,879.2265625,CMSIS=1085.2421875;delta=-206.015625;allowance=2;strict_parity=True;pair/T9 pass,AC6 6.24,-O3 -ffast-math -fno-lto -mexecute-only,runs/fir-r9/gpr-window-capture-1/report.json
fir-tiny4-gpr-window-v1,97194ca32110e32955f37bdc070d1b49a0741f2f,b43cf6f34d41cfd82528add4169c48a1cae161f1cf12eb0835823b7395303358,capture1:B64:N31,accepted_with_user_allowance,1458.2265625,CMSIS=1587.2421875;delta=-129.015625;allowance=2;strict_parity=True;pair/T9 pass,AC6 6.24,-O3 -ffast-math -fno-lto -mexecute-only,runs/fir-r9/gpr-window-capture-1/report.json
fir-tiny4-gpr-window-v1,97194ca32110e32955f37bdc070d1b49a0741f2f,b43cf6f34d41cfd82528add4169c48a1cae161f1cf12eb0835823b7395303358,capture1:B64:N32,accepted_with_user_allowance,1516.2265625,CMSIS=1601.2421875;delta=-85.015625;allowance=2;strict_parity=True;pair/T9 pass,AC6 6.24,-O3 -ffast-math -fno-lto -mexecute-only,runs/fir-r9/gpr-window-capture-1/report.json
fir-tiny4-gpr-window-v1,97194ca32110e32955f37bdc070d1b49a0741f2f,b43cf6f34d41cfd82528add4169c48a1cae161f1cf12eb0835823b7395303358,capture1:B64:N33,accepted_with_user_allowance,1629.2265625,CMSIS=1837.2421875;delta=-208.015625;allowance=2;strict_parity=True;pair/T9 pass,AC6 6.24,-O3 -ffast-math -fno-lto -mexecute-only,runs/fir-r9/gpr-window-capture-1/report.json
fir-tiny4-gpr-window-v1,97194ca32110e32955f37bdc070d1b49a0741f2f,b43cf6f34d41cfd82528add4169c48a1cae161f1cf12eb0835823b7395303358,capture1:B64:N64,accepted_with_user_allowance,2892.2265625,CMSIS=3105.2421875;delta=-213.015625;allowance=2;strict_parity=True;pair/T9 pass,AC6 6.24,-O3 -ffast-math -fno-lto -mexecute-only,runs/fir-r9/gpr-window-capture-1/report.json
fir-tiny4-gpr-window-v1,97194ca32110e32955f37bdc070d1b49a0741f2f,b43cf6f34d41cfd82528add4169c48a1cae161f1cf12eb0835823b7395303358,capture1:B64:N128,accepted_with_user_allowance,5489.2265625,CMSIS=6113.2421875;delta=-624.015625;allowance=2;strict_parity=True;pair/T9 pass,AC6 6.24,-O3 -ffast-math -fno-lto -mexecute-only,runs/fir-r9/gpr-window-capture-1/report.json
fir-tiny4-gpr-window-v1,97194ca32110e32955f37bdc070d1b49a0741f2f,b43cf6f34d41cfd82528add4169c48a1cae161f1cf12eb0835823b7395303358,capture1:B127:N1,accepted_with_user_allowance,188.048828125,CMSIS=552.05078125;delta=-364.001953125;allowance=2;strict_parity=True;pair/T9 pass,AC6 6.24,-O3 -ffast-math -fno-lto -mexecute-only,runs/fir-r9/gpr-window-capture-1/report.json
fir-tiny4-gpr-window-v1,97194ca32110e32955f37bdc070d1b49a0741f2f,b43cf6f34d41cfd82528add4169c48a1cae161f1cf12eb0835823b7395303358,capture1:B127:N2,accepted_with_user_allowance,271.07421875,CMSIS=552.078125;delta=-281.00390625;allowance=2;strict_parity=True;pair/T9 pass,AC6 6.24,-O3 -ffast-math -fno-lto -mexecute-only,runs/fir-r9/gpr-window-capture-1/report.json
fir-tiny4-gpr-window-v1,97194ca32110e32955f37bdc070d1b49a0741f2f,b43cf6f34d41cfd82528add4169c48a1cae161f1cf12eb0835823b7395303358,capture1:B127:N3,accepted_with_user_allowance,334.07421875,CMSIS=520.078125;delta=-186.00390625;allowance=2;strict_parity=True;pair/T9 pass,AC6 6.24,-O3 -ffast-math -fno-lto -mexecute-only,runs/fir-r9/gpr-window-capture-1/report.json
fir-tiny4-gpr-window-v1,97194ca32110e32955f37bdc070d1b49a0741f2f,b43cf6f34d41cfd82528add4169c48a1cae161f1cf12eb0835823b7395303358,capture1:B127:N4,accepted_with_user_allowance,401.125,CMSIS=552.1328125;delta=-151.0078125;allowance=2;strict_parity=True;pair/T9 pass,AC6 6.24,-O3 -ffast-math -fno-lto -mexecute-only,runs/fir-r9/gpr-window-capture-1/report.json
fir-tiny4-gpr-window-v1,97194ca32110e32955f37bdc070d1b49a0741f2f,b43cf6f34d41cfd82528add4169c48a1cae161f1cf12eb0835823b7395303358,capture1:B127:N5,accepted_with_user_allowance,464.125,CMSIS=772.1328125;delta=-308.0078125;allowance=2;strict_parity=True;pair/T9 pass,AC6 6.24,-O3 -ffast-math -fno-lto -mexecute-only,runs/fir-r9/gpr-window-capture-1/report.json
fir-tiny4-gpr-window-v1,97194ca32110e32955f37bdc070d1b49a0741f2f,b43cf6f34d41cfd82528add4169c48a1cae161f1cf12eb0835823b7395303358,capture1:B127:N6,accepted_with_user_allowance,538.125,CMSIS=779.1328125;delta=-241.0078125;allowance=2;strict_parity=True;pair/T9 pass,AC6 6.24,-O3 -ffast-math -fno-lto -mexecute-only,runs/fir-r9/gpr-window-capture-1/report.json
fir-tiny4-gpr-window-v1,97194ca32110e32955f37bdc070d1b49a0741f2f,b43cf6f34d41cfd82528add4169c48a1cae161f1cf12eb0835823b7395303358,capture1:B127:N7,accepted_with_user_allowance,573.125,CMSIS=779.1328125;delta=-206.0078125;allowance=2;strict_parity=True;pair/T9 pass,AC6 6.24,-O3 -ffast-math -fno-lto -mexecute-only,runs/fir-r9/gpr-window-capture-1/report.json
fir-tiny4-gpr-window-v1,97194ca32110e32955f37bdc070d1b49a0741f2f,b43cf6f34d41cfd82528add4169c48a1cae161f1cf12eb0835823b7395303358,capture1:B127:N8,accepted_with_user_allowance,679.125,CMSIS=749.1328125;delta=-70.0078125;allowance=2;strict_parity=True;pair/T9 pass,AC6 6.24,-O3 -ffast-math -fno-lto -mexecute-only,runs/fir-r9/gpr-window-capture-1/report.json
fir-tiny4-gpr-window-v1,97194ca32110e32955f37bdc070d1b49a0741f2f,b43cf6f34d41cfd82528add4169c48a1cae161f1cf12eb0835823b7395303358,capture1:B127:N9,accepted_with_user_allowance,987.2265625,CMSIS=1293.2421875;delta=-306.015625;allowance=2;strict_parity=True;pair/T9 pass,AC6 6.24,-O3 -ffast-math -fno-lto -mexecute-only,runs/fir-r9/gpr-window-capture-1/report.json
fir-tiny4-gpr-window-v1,97194ca32110e32955f37bdc070d1b49a0741f2f,b43cf6f34d41cfd82528add4169c48a1cae161f1cf12eb0835823b7395303358,capture1:B127:N15,accepted_with_user_allowance,1472.2265625,CMSIS=1562.2421875;delta=-90.015625;allowance=2;strict_parity=True;pair/T9 pass,AC6 6.24,-O3 -ffast-math -fno-lto -mexecute-only,runs/fir-r9/gpr-window-capture-1/report.json
fir-tiny4-gpr-window-v1,97194ca32110e32955f37bdc070d1b49a0741f2f,b43cf6f34d41cfd82528add4169c48a1cae161f1cf12eb0835823b7395303358,capture1:B127:N16,accepted_with_user_allowance,1514.2265625,CMSIS=1532.2421875;delta=-18.015625;allowance=2;strict_parity=True;pair/T9 pass,AC6 6.24,-O3 -ffast-math -fno-lto -mexecute-only,runs/fir-r9/gpr-window-capture-1/report.json
fir-tiny4-gpr-window-v1,97194ca32110e32955f37bdc070d1b49a0741f2f,b43cf6f34d41cfd82528add4169c48a1cae161f1cf12eb0835823b7395303358,capture1:B127:N17,accepted_with_user_allowance,1637.2265625,CMSIS=2011.2421875;delta=-374.015625;allowance=2;strict_parity=True;pair/T9 pass,AC6 6.24,-O3 -ffast-math -fno-lto -mexecute-only,runs/fir-r9/gpr-window-capture-1/report.json
fir-tiny4-gpr-window-v1,97194ca32110e32955f37bdc070d1b49a0741f2f,b43cf6f34d41cfd82528add4169c48a1cae161f1cf12eb0835823b7395303358,capture1:B127:N31,accepted_with_user_allowance,2782.2265625,CMSIS=2993.2421875;delta=-211.015625;allowance=2;strict_parity=True;pair/T9 pass,AC6 6.24,-O3 -ffast-math -fno-lto -mexecute-only,runs/fir-r9/gpr-window-capture-1/report.json
fir-tiny4-gpr-window-v1,97194ca32110e32955f37bdc070d1b49a0741f2f,b43cf6f34d41cfd82528add4169c48a1cae161f1cf12eb0835823b7395303358,capture1:B127:N32,accepted_with_user_allowance,2874.2265625,CMSIS=2963.2421875;delta=-89.015625;allowance=2;strict_parity=True;pair/T9 pass,AC6 6.24,-O3 -ffast-math -fno-lto -mexecute-only,runs/fir-r9/gpr-window-capture-1/report.json
fir-tiny4-gpr-window-v1,97194ca32110e32955f37bdc070d1b49a0741f2f,b43cf6f34d41cfd82528add4169c48a1cae161f1cf12eb0835823b7395303358,capture1:B127:N33,accepted_with_user_allowance,3166.2265625,CMSIS=3435.2421875;delta=-269.015625;allowance=2;strict_parity=True;pair/T9 pass,AC6 6.24,-O3 -ffast-math -fno-lto -mexecute-only,runs/fir-r9/gpr-window-capture-1/report.json
fir-tiny4-gpr-window-v1,97194ca32110e32955f37bdc070d1b49a0741f2f,b43cf6f34d41cfd82528add4169c48a1cae161f1cf12eb0835823b7395303358,capture1:B127:N64,accepted_with_user_allowance,5720.2265625,CMSIS=5811.2421875;delta=-91.015625;allowance=2;strict_parity=True;pair/T9 pass,AC6 6.24,-O3 -ffast-math -fno-lto -mexecute-only,runs/fir-r9/gpr-window-capture-1/report.json
fir-tiny4-gpr-window-v1,97194ca32110e32955f37bdc070d1b49a0741f2f,b43cf6f34d41cfd82528add4169c48a1cae161f1cf12eb0835823b7395303358,capture1:B127:N128,accepted_with_user_allowance,10981.2265625,CMSIS=11507.2421875;delta=-526.015625;allowance=2;strict_parity=True;pair/T9 pass,AC6 6.24,-O3 -ffast-math -fno-lto -mexecute-only,runs/fir-r9/gpr-window-capture-1/report.json
fir-tiny4-gpr-window-v1,97194ca32110e32955f37bdc070d1b49a0741f2f,b43cf6f34d41cfd82528add4169c48a1cae161f1cf12eb0835823b7395303358,capture1:B128:N1,accepted_with_user_allowance,188.048828125,CMSIS=554.05078125;delta=-366.001953125;allowance=2;strict_parity=True;pair/T9 pass,AC6 6.24,-O3 -ffast-math -fno-lto -mexecute-only,runs/fir-r9/gpr-window-capture-1/report.json
fir-tiny4-gpr-window-v1,97194ca32110e32955f37bdc070d1b49a0741f2f,b43cf6f34d41cfd82528add4169c48a1cae161f1cf12eb0835823b7395303358,capture1:B128:N2,accepted_with_user_allowance,263.07421875,CMSIS=554.078125;delta=-291.00390625;allowance=2;strict_parity=True;pair/T9 pass,AC6 6.24,-O3 -ffast-math -fno-lto -mexecute-only,runs/fir-r9/gpr-window-capture-1/report.json
fir-tiny4-gpr-window-v1,97194ca32110e32955f37bdc070d1b49a0741f2f,b43cf6f34d41cfd82528add4169c48a1cae161f1cf12eb0835823b7395303358,capture1:B128:N3,accepted_with_user_allowance,325.07421875,CMSIS=522.078125;delta=-197.00390625;allowance=2;strict_parity=True;pair/T9 pass,AC6 6.24,-O3 -ffast-math -fno-lto -mexecute-only,runs/fir-r9/gpr-window-capture-1/report.json
fir-tiny4-gpr-window-v1,97194ca32110e32955f37bdc070d1b49a0741f2f,b43cf6f34d41cfd82528add4169c48a1cae161f1cf12eb0835823b7395303358,capture1:B128:N4,accepted_with_user_allowance,394.125,CMSIS=554.1328125;delta=-160.0078125;allowance=2;strict_parity=True;pair/T9 pass,AC6 6.24,-O3 -ffast-math -fno-lto -mexecute-only,runs/fir-r9/gpr-window-capture-1/report.json
fir-tiny4-gpr-window-v1,97194ca32110e32955f37bdc070d1b49a0741f2f,b43cf6f34d41cfd82528add4169c48a1cae161f1cf12eb0835823b7395303358,capture1:B128:N5,accepted_with_user_allowance,464.125,CMSIS=770.1328125;delta=-306.0078125;allowance=2;strict_parity=True;pair/T9 pass,AC6 6.24,-O3 -ffast-math -fno-lto -mexecute-only,runs/fir-r9/gpr-window-capture-1/report.json
fir-tiny4-gpr-window-v1,97194ca32110e32955f37bdc070d1b49a0741f2f,b43cf6f34d41cfd82528add4169c48a1cae161f1cf12eb0835823b7395303358,capture1:B128:N6,accepted_with_user_allowance,538.125,CMSIS=777.1328125;delta=-239.0078125;allowance=2;strict_parity=True;pair/T9 pass,AC6 6.24,-O3 -ffast-math -fno-lto -mexecute-only,runs/fir-r9/gpr-window-capture-1/report.json
fir-tiny4-gpr-window-v1,97194ca32110e32955f37bdc070d1b49a0741f2f,b43cf6f34d41cfd82528add4169c48a1cae161f1cf12eb0835823b7395303358,capture1:B128:N7,accepted_with_user_allowance,573.125,CMSIS=747.1328125;delta=-174.0078125;allowance=2;strict_parity=True;pair/T9 pass,AC6 6.24,-O3 -ffast-math -fno-lto -mexecute-only,runs/fir-r9/gpr-window-capture-1/report.json
fir-tiny4-gpr-window-v1,97194ca32110e32955f37bdc070d1b49a0741f2f,b43cf6f34d41cfd82528add4169c48a1cae161f1cf12eb0835823b7395303358,capture1:B128:N8,accepted_with_user_allowance,679.125,CMSIS=777.1328125;delta=-98.0078125;allowance=2;strict_parity=True;pair/T9 pass,AC6 6.24,-O3 -ffast-math -fno-lto -mexecute-only,runs/fir-r9/gpr-window-capture-1/report.json
fir-tiny4-gpr-window-v1,97194ca32110e32955f37bdc070d1b49a0741f2f,b43cf6f34d41cfd82528add4169c48a1cae161f1cf12eb0835823b7395303358,capture1:B128:N9,accepted_with_user_allowance,981.2265625,CMSIS=1295.2421875;delta=-314.015625;allowance=2;strict_parity=True;pair/T9 pass,AC6 6.24,-O3 -ffast-math -fno-lto -mexecute-only,runs/fir-r9/gpr-window-capture-1/report.json
fir-tiny4-gpr-window-v1,97194ca32110e32955f37bdc070d1b49a0741f2f,b43cf6f34d41cfd82528add4169c48a1cae161f1cf12eb0835823b7395303358,capture1:B128:N15,accepted_with_user_allowance,1464.2265625,CMSIS=1532.2421875;delta=-68.015625;allowance=2;strict_parity=True;pair/T9 pass,AC6 6.24,-O3 -ffast-math -fno-lto -mexecute-only,runs/fir-r9/gpr-window-capture-1/report.json
fir-tiny4-gpr-window-v1,97194ca32110e32955f37bdc070d1b49a0741f2f,b43cf6f34d41cfd82528add4169c48a1cae161f1cf12eb0835823b7395303358,capture1:B128:N16,accepted_with_user_allowance,1514.2265625,CMSIS=1562.2421875;delta=-48.015625;allowance=2;strict_parity=True;pair/T9 pass,AC6 6.24,-O3 -ffast-math -fno-lto -mexecute-only,runs/fir-r9/gpr-window-capture-1/report.json
fir-tiny4-gpr-window-v1,97194ca32110e32955f37bdc070d1b49a0741f2f,b43cf6f34d41cfd82528add4169c48a1cae161f1cf12eb0835823b7395303358,capture1:B128:N17,accepted_with_user_allowance,1631.2265625,CMSIS=2013.2421875;delta=-382.015625;allowance=2;strict_parity=True;pair/T9 pass,AC6 6.24,-O3 -ffast-math -fno-lto -mexecute-only,runs/fir-r9/gpr-window-capture-1/report.json
fir-tiny4-gpr-window-v1,97194ca32110e32955f37bdc070d1b49a0741f2f,b43cf6f34d41cfd82528add4169c48a1cae161f1cf12eb0835823b7395303358,capture1:B128:N31,accepted_with_user_allowance,2770.2265625,CMSIS=2963.2421875;delta=-193.015625;allowance=2;strict_parity=True;pair/T9 pass,AC6 6.24,-O3 -ffast-math -fno-lto -mexecute-only,runs/fir-r9/gpr-window-capture-1/report.json
fir-tiny4-gpr-window-v1,97194ca32110e32955f37bdc070d1b49a0741f2f,b43cf6f34d41cfd82528add4169c48a1cae161f1cf12eb0835823b7395303358,capture1:B128:N32,accepted_with_user_allowance,2868.2265625,CMSIS=2993.2421875;delta=-125.015625;allowance=2;strict_parity=True;pair/T9 pass,AC6 6.24,-O3 -ffast-math -fno-lto -mexecute-only,runs/fir-r9/gpr-window-capture-1/report.json
fir-tiny4-gpr-window-v1,97194ca32110e32955f37bdc070d1b49a0741f2f,b43cf6f34d41cfd82528add4169c48a1cae161f1cf12eb0835823b7395303358,capture1:B128:N33,accepted_with_user_allowance,3130.2265625,CMSIS=3437.2421875;delta=-307.015625;allowance=2;strict_parity=True;pair/T9 pass,AC6 6.24,-O3 -ffast-math -fno-lto -mexecute-only,runs/fir-r9/gpr-window-capture-1/report.json
fir-tiny4-gpr-window-v1,97194ca32110e32955f37bdc070d1b49a0741f2f,b43cf6f34d41cfd82528add4169c48a1cae161f1cf12eb0835823b7395303358,capture1:B128:N64,accepted_with_user_allowance,5653.2265625,CMSIS=5841.2421875;delta=-188.015625;allowance=2;strict_parity=True;pair/T9 pass,AC6 6.24,-O3 -ffast-math -fno-lto -mexecute-only,runs/fir-r9/gpr-window-capture-1/report.json
fir-tiny4-gpr-window-v1,97194ca32110e32955f37bdc070d1b49a0741f2f,b43cf6f34d41cfd82528add4169c48a1cae161f1cf12eb0835823b7395303358,capture1:B128:N128,accepted_with_user_allowance,10850.2265625,CMSIS=11537.2421875;delta=-687.015625;allowance=2;strict_parity=True;pair/T9 pass,AC6 6.24,-O3 -ffast-math -fno-lto -mexecute-only,runs/fir-r9/gpr-window-capture-1/report.json
fir-tiny4-gpr-window-v1,97194ca32110e32955f37bdc070d1b49a0741f2f,b43cf6f34d41cfd82528add4169c48a1cae161f1cf12eb0835823b7395303358,capture1:B129:N1,accepted_with_user_allowance,193.048828125,CMSIS=568.05078125;delta=-375.001953125;allowance=2;strict_parity=True;pair/T9 pass,AC6 6.24,-O3 -ffast-math -fno-lto -mexecute-only,runs/fir-r9/gpr-window-capture-1/report.json
fir-tiny4-gpr-window-v1,97194ca32110e32955f37bdc070d1b49a0741f2f,b43cf6f34d41cfd82528add4169c48a1cae161f1cf12eb0835823b7395303358,capture1:B129:N2,accepted_with_user_allowance,266.07421875,CMSIS=568.078125;delta=-302.00390625;allowance=2;strict_parity=True;pair/T9 pass,AC6 6.24,-O3 -ffast-math -fno-lto -mexecute-only,runs/fir-r9/gpr-window-capture-1/report.json
fir-tiny4-gpr-window-v1,97194ca32110e32955f37bdc070d1b49a0741f2f,b43cf6f34d41cfd82528add4169c48a1cae161f1cf12eb0835823b7395303358,capture1:B129:N3,accepted_with_user_allowance,337.07421875,CMSIS=535.078125;delta=-198.00390625;allowance=2;strict_parity=True;pair/T9 pass,AC6 6.24,-O3 -ffast-math -fno-lto -mexecute-only,runs/fir-r9/gpr-window-capture-1/report.json
fir-tiny4-gpr-window-v1,97194ca32110e32955f37bdc070d1b49a0741f2f,b43cf6f34d41cfd82528add4169c48a1cae161f1cf12eb0835823b7395303358,capture1:B129:N4,accepted_with_user_allowance,414.125,CMSIS=568.1328125;delta=-154.0078125;allowance=2;strict_parity=True;pair/T9 pass,AC6 6.24,-O3 -ffast-math -fno-lto -mexecute-only,runs/fir-r9/gpr-window-capture-1/report.json
fir-tiny4-gpr-window-v1,97194ca32110e32955f37bdc070d1b49a0741f2f,b43cf6f34d41cfd82528add4169c48a1cae161f1cf12eb0835823b7395303358,capture1:B129:N5,accepted_with_user_allowance,477.125,CMSIS=764.1328125;delta=-287.0078125;allowance=2;strict_parity=True;pair/T9 pass,AC6 6.24,-O3 -ffast-math -fno-lto -mexecute-only,runs/fir-r9/gpr-window-capture-1/report.json
fir-tiny4-gpr-window-v1,97194ca32110e32955f37bdc070d1b49a0741f2f,b43cf6f34d41cfd82528add4169c48a1cae161f1cf12eb0835823b7395303358,capture1:B129:N6,accepted_with_user_allowance,553.125,CMSIS=740.1328125;delta=-187.0078125;allowance=2;strict_parity=True;pair/T9 pass,AC6 6.24,-O3 -ffast-math -fno-lto -mexecute-only,runs/fir-r9/gpr-window-capture-1/report.json
fir-tiny4-gpr-window-v1,97194ca32110e32955f37bdc070d1b49a0741f2f,b43cf6f34d41cfd82528add4169c48a1cae161f1cf12eb0835823b7395303358,capture1:B129:N7,accepted_with_user_allowance,589.125,CMSIS=771.1328125;delta=-182.0078125;allowance=2;strict_parity=True;pair/T9 pass,AC6 6.24,-O3 -ffast-math -fno-lto -mexecute-only,runs/fir-r9/gpr-window-capture-1/report.json
fir-tiny4-gpr-window-v1,97194ca32110e32955f37bdc070d1b49a0741f2f,b43cf6f34d41cfd82528add4169c48a1cae161f1cf12eb0835823b7395303358,capture1:B129:N8,accepted_with_user_allowance,698.125,CMSIS=771.1328125;delta=-73.0078125;allowance=2;strict_parity=True;pair/T9 pass,AC6 6.24,-O3 -ffast-math -fno-lto -mexecute-only,runs/fir-r9/gpr-window-capture-1/report.json
fir-tiny4-gpr-window-v1,97194ca32110e32955f37bdc070d1b49a0741f2f,b43cf6f34d41cfd82528add4169c48a1cae161f1cf12eb0835823b7395303358,capture1:B129:N9,accepted_with_user_allowance,1019.2265625,CMSIS=1329.2421875;delta=-310.015625;allowance=2;strict_parity=True;pair/T9 pass,AC6 6.24,-O3 -ffast-math -fno-lto -mexecute-only,runs/fir-r9/gpr-window-capture-1/report.json
fir-tiny4-gpr-window-v1,97194ca32110e32955f37bdc070d1b49a0741f2f,b43cf6f34d41cfd82528add4169c48a1cae161f1cf12eb0835823b7395303358,capture1:B129:N15,accepted_with_user_allowance,1508.2265625,CMSIS=1606.2421875;delta=-98.015625;allowance=2;strict_parity=True;pair/T9 pass,AC6 6.24,-O3 -ffast-math -fno-lto -mexecute-only,runs/fir-r9/gpr-window-capture-1/report.json
fir-tiny4-gpr-window-v1,97194ca32110e32955f37bdc070d1b49a0741f2f,b43cf6f34d41cfd82528add4169c48a1cae161f1cf12eb0835823b7395303358,capture1:B129:N16,accepted_with_user_allowance,1575.2265625,CMSIS=1606.2421875;delta=-31.015625;allowance=2;strict_parity=True;pair/T9 pass,AC6 6.24,-O3 -ffast-math -fno-lto -mexecute-only,runs/fir-r9/gpr-window-capture-1/report.json
fir-tiny4-gpr-window-v1,97194ca32110e32955f37bdc070d1b49a0741f2f,b43cf6f34d41cfd82528add4169c48a1cae161f1cf12eb0835823b7395303358,capture1:B129:N17,accepted_with_user_allowance,1677.2265625,CMSIS=2068.2421875;delta=-391.015625;allowance=2;strict_parity=True;pair/T9 pass,AC6 6.24,-O3 -ffast-math -fno-lto -mexecute-only,runs/fir-r9/gpr-window-capture-1/report.json
fir-tiny4-gpr-window-v1,97194ca32110e32955f37bdc070d1b49a0741f2f,b43cf6f34d41cfd82528add4169c48a1cae161f1cf12eb0835823b7395303358,capture1:B129:N31,accepted_with_user_allowance,2834.2265625,CMSIS=3079.2421875;delta=-245.015625;allowance=2;strict_parity=True;pair/T9 pass,AC6 6.24,-O3 -ffast-math -fno-lto -mexecute-only,runs/fir-r9/gpr-window-capture-1/report.json
fir-tiny4-gpr-window-v1,97194ca32110e32955f37bdc070d1b49a0741f2f,b43cf6f34d41cfd82528add4169c48a1cae161f1cf12eb0835823b7395303358,capture1:B129:N32,accepted_with_user_allowance,2920.2265625,CMSIS=3079.2421875;delta=-159.015625;allowance=2;strict_parity=True;pair/T9 pass,AC6 6.24,-O3 -ffast-math -fno-lto -mexecute-only,runs/fir-r9/gpr-window-capture-1/report.json
fir-tiny4-gpr-window-v1,97194ca32110e32955f37bdc070d1b49a0741f2f,b43cf6f34d41cfd82528add4169c48a1cae161f1cf12eb0835823b7395303358,capture1:B129:N33,accepted_with_user_allowance,3293.2265625,CMSIS=3534.2421875;delta=-241.015625;allowance=2;strict_parity=True;pair/T9 pass,AC6 6.24,-O3 -ffast-math -fno-lto -mexecute-only,runs/fir-r9/gpr-window-capture-1/report.json
fir-tiny4-gpr-window-v1,97194ca32110e32955f37bdc070d1b49a0741f2f,b43cf6f34d41cfd82528add4169c48a1cae161f1cf12eb0835823b7395303358,capture1:B129:N64,accepted_with_user_allowance,5578.2265625,CMSIS=6011.2421875;delta=-433.015625;allowance=2;strict_parity=True;pair/T9 pass,AC6 6.24,-O3 -ffast-math -fno-lto -mexecute-only,runs/fir-r9/gpr-window-capture-1/report.json
fir-tiny4-gpr-window-v1,97194ca32110e32955f37bdc070d1b49a0741f2f,b43cf6f34d41cfd82528add4169c48a1cae161f1cf12eb0835823b7395303358,capture1:B129:N128,accepted_with_user_allowance,11225.2265625,CMSIS=11875.2421875;delta=-650.015625;allowance=2;strict_parity=True;pair/T9 pass,AC6 6.24,-O3 -ffast-math -fno-lto -mexecute-only,runs/fir-r9/gpr-window-capture-1/report.json
fir-tiny4-gpr-window-v1,97194ca32110e32955f37bdc070d1b49a0741f2f,b43cf6f34d41cfd82528add4169c48a1cae161f1cf12eb0835823b7395303358,capture1:B256:N1,accepted_with_user_allowance,348.07421875,CMSIS=1066.078125;delta=-718.00390625;allowance=2;strict_parity=True;pair/T9 pass,AC6 6.24,-O3 -ffast-math -fno-lto -mexecute-only,runs/fir-r9/gpr-window-capture-1/report.json
fir-tiny4-gpr-window-v1,97194ca32110e32955f37bdc070d1b49a0741f2f,b43cf6f34d41cfd82528add4169c48a1cae161f1cf12eb0835823b7395303358,capture1:B256:N2,accepted_with_user_allowance,487.125,CMSIS=1066.1328125;delta=-579.0078125;allowance=2;strict_parity=True;pair/T9 pass,AC6 6.24,-O3 -ffast-math -fno-lto -mexecute-only,runs/fir-r9/gpr-window-capture-1/report.json
fir-tiny4-gpr-window-v1,97194ca32110e32955f37bdc070d1b49a0741f2f,b43cf6f34d41cfd82528add4169c48a1cae161f1cf12eb0835823b7395303358,capture1:B256:N3,accepted_with_user_allowance,613.125,CMSIS=1002.1328125;delta=-389.0078125;allowance=2;strict_parity=True;pair/T9 pass,AC6 6.24,-O3 -ffast-math -fno-lto -mexecute-only,runs/fir-r9/gpr-window-capture-1/report.json
fir-tiny4-gpr-window-v1,97194ca32110e32955f37bdc070d1b49a0741f2f,b43cf6f34d41cfd82528add4169c48a1cae161f1cf12eb0835823b7395303358,capture1:B256:N4,accepted_with_user_allowance,746.125,CMSIS=1066.1328125;delta=-320.0078125;allowance=2;strict_parity=True;pair/T9 pass,AC6 6.24,-O3 -ffast-math -fno-lto -mexecute-only,runs/fir-r9/gpr-window-capture-1/report.json
fir-tiny4-gpr-window-v1,97194ca32110e32955f37bdc070d1b49a0741f2f,b43cf6f34d41cfd82528add4169c48a1cae161f1cf12eb0835823b7395303358,capture1:B256:N5,accepted_with_user_allowance,880.2265625,CMSIS=1474.2421875;delta=-594.015625;allowance=2;strict_parity=True;pair/T9 pass,AC6 6.24,-O3 -ffast-math -fno-lto -mexecute-only,runs/fir-r9/gpr-window-capture-1/report.json
fir-tiny4-gpr-window-v1,97194ca32110e32955f37bdc070d1b49a0741f2f,b43cf6f34d41cfd82528add4169c48a1cae161f1cf12eb0835823b7395303358,capture1:B256:N6,accepted_with_user_allowance,1018.2265625,CMSIS=1481.2421875;delta=-463.015625;allowance=2;strict_parity=True;pair/T9 pass,AC6 6.24,-O3 -ffast-math -fno-lto -mexecute-only,runs/fir-r9/gpr-window-capture-1/report.json
fir-tiny4-gpr-window-v1,97194ca32110e32955f37bdc070d1b49a0741f2f,b43cf6f34d41cfd82528add4169c48a1cae161f1cf12eb0835823b7395303358,capture1:B256:N7,accepted_with_user_allowance,1085.2265625,CMSIS=1419.2421875;delta=-334.015625;allowance=2;strict_parity=True;pair/T9 pass,AC6 6.24,-O3 -ffast-math -fno-lto -mexecute-only,runs/fir-r9/gpr-window-capture-1/report.json
fir-tiny4-gpr-window-v1,97194ca32110e32955f37bdc070d1b49a0741f2f,b43cf6f34d41cfd82528add4169c48a1cae161f1cf12eb0835823b7395303358,capture1:B256:N8,accepted_with_user_allowance,1287.2265625,CMSIS=1481.2421875;delta=-194.015625;allowance=2;strict_parity=True;pair/T9 pass,AC6 6.24,-O3 -ffast-math -fno-lto -mexecute-only,runs/fir-r9/gpr-window-capture-1/report.json
fir-tiny4-gpr-window-v1,97194ca32110e32955f37bdc070d1b49a0741f2f,b43cf6f34d41cfd82528add4169c48a1cae161f1cf12eb0835823b7395303358,capture1:B256:N9,accepted_with_user_allowance,1845.2265625,CMSIS=2479.2421875;delta=-634.015625;allowance=2;strict_parity=True;pair/T9 pass,AC6 6.24,-O3 -ffast-math -fno-lto -mexecute-only,runs/fir-r9/gpr-window-capture-1/report.json
fir-tiny4-gpr-window-v1,97194ca32110e32955f37bdc070d1b49a0741f2f,b43cf6f34d41cfd82528add4169c48a1cae161f1cf12eb0835823b7395303358,capture1:B256:N15,accepted_with_user_allowance,2808.2265625,CMSIS=2940.2421875;delta=-132.015625;allowance=2;strict_parity=True;pair/T9 pass,AC6 6.24,-O3 -ffast-math -fno-lto -mexecute-only,runs/fir-r9/gpr-window-capture-1/report.json
fir-tiny4-gpr-window-v1,97194ca32110e32955f37bdc070d1b49a0741f2f,b43cf6f34d41cfd82528add4169c48a1cae161f1cf12eb0835823b7395303358,capture1:B256:N16,accepted_with_user_allowance,2930.2265625,CMSIS=3002.2421875;delta=-72.015625;allowance=2;strict_parity=True;pair/T9 pass,AC6 6.24,-O3 -ffast-math -fno-lto -mexecute-only,runs/fir-r9/gpr-window-capture-1/report.json
fir-tiny4-gpr-window-v1,97194ca32110e32955f37bdc070d1b49a0741f2f,b43cf6f34d41cfd82528add4169c48a1cae161f1cf12eb0835823b7395303358,capture1:B256:N17,accepted_with_user_allowance,3135.2265625,CMSIS=3869.2421875;delta=-734.015625;allowance=2;strict_parity=True;pair/T9 pass,AC6 6.24,-O3 -ffast-math -fno-lto -mexecute-only,runs/fir-r9/gpr-window-capture-1/report.json
fir-tiny4-gpr-window-v1,97194ca32110e32955f37bdc070d1b49a0741f2f,b43cf6f34d41cfd82528add4169c48a1cae161f1cf12eb0835823b7395303358,capture1:B256:N31,accepted_with_user_allowance,5394.2265625,CMSIS=5715.2421875;delta=-321.015625;allowance=2;strict_parity=True;pair/T9 pass,AC6 6.24,-O3 -ffast-math -fno-lto -mexecute-only,runs/fir-r9/gpr-window-capture-1/report.json
fir-tiny4-gpr-window-v1,97194ca32110e32955f37bdc070d1b49a0741f2f,b43cf6f34d41cfd82528add4169c48a1cae161f1cf12eb0835823b7395303358,capture1:B256:N32,accepted_with_user_allowance,5572.2265625,CMSIS=5777.2421875;delta=-205.015625;allowance=2;strict_parity=True;pair/T9 pass,AC6 6.24,-O3 -ffast-math -fno-lto -mexecute-only,runs/fir-r9/gpr-window-capture-1/report.json
fir-tiny4-gpr-window-v1,97194ca32110e32955f37bdc070d1b49a0741f2f,b43cf6f34d41cfd82528add4169c48a1cae161f1cf12eb0835823b7395303358,capture1:B256:N33,accepted_with_user_allowance,6192.2265625,CMSIS=6637.2421875;delta=-445.015625;allowance=2;strict_parity=True;pair/T9 pass,AC6 6.24,-O3 -ffast-math -fno-lto -mexecute-only,runs/fir-r9/gpr-window-capture-1/report.json
fir-tiny4-gpr-window-v1,97194ca32110e32955f37bdc070d1b49a0741f2f,b43cf6f34d41cfd82528add4169c48a1cae161f1cf12eb0835823b7395303358,capture1:B256:N64,accepted_with_user_allowance,10771.2265625,CMSIS=11313.2421875;delta=-542.015625;allowance=2;strict_parity=True;pair/T9 pass,AC6 6.24,-O3 -ffast-math -fno-lto -mexecute-only,runs/fir-r9/gpr-window-capture-1/report.json
fir-tiny4-gpr-window-v1,97194ca32110e32955f37bdc070d1b49a0741f2f,b43cf6f34d41cfd82528add4169c48a1cae161f1cf12eb0835823b7395303358,capture1:B256:N128,accepted_with_user_allowance,21632.2265625,CMSIS=22385.2421875;delta=-753.015625;allowance=2;strict_parity=True;pair/T9 pass,AC6 6.24,-O3 -ffast-math -fno-lto -mexecute-only,runs/fir-r9/gpr-window-capture-1/report.json
fir-tiny4-gpr-window-v1,97194ca32110e32955f37bdc070d1b49a0741f2f,b43cf6f34d41cfd82528add4169c48a1cae161f1cf12eb0835823b7395303358,capture1:B512:N1,accepted_with_user_allowance,668.125,CMSIS=2090.1328125;delta=-1422.0078125;allowance=2;strict_parity=True;pair/T9 pass,AC6 6.24,-O3 -ffast-math -fno-lto -mexecute-only,runs/fir-r9/gpr-window-capture-1/report.json
fir-tiny4-gpr-window-v1,97194ca32110e32955f37bdc070d1b49a0741f2f,b43cf6f34d41cfd82528add4169c48a1cae161f1cf12eb0835823b7395303358,capture1:B512:N2,accepted_with_user_allowance,935.2265625,CMSIS=2090.2421875;delta=-1155.015625;allowance=2;strict_parity=True;pair/T9 pass,AC6 6.24,-O3 -ffast-math -fno-lto -mexecute-only,runs/fir-r9/gpr-window-capture-1/report.json
fir-tiny4-gpr-window-v1,97194ca32110e32955f37bdc070d1b49a0741f2f,b43cf6f34d41cfd82528add4169c48a1cae161f1cf12eb0835823b7395303358,capture1:B512:N3,accepted_with_user_allowance,1189.2265625,CMSIS=1962.2421875;delta=-773.015625;allowance=2;strict_parity=True;pair/T9 pass,AC6 6.24,-O3 -ffast-math -fno-lto -mexecute-only,runs/fir-r9/gpr-window-capture-1/report.json
fir-tiny4-gpr-window-v1,97194ca32110e32955f37bdc070d1b49a0741f2f,b43cf6f34d41cfd82528add4169c48a1cae161f1cf12eb0835823b7395303358,capture1:B512:N4,accepted_with_user_allowance,1450.2265625,CMSIS=2090.2421875;delta=-640.015625;allowance=2;strict_parity=True;pair/T9 pass,AC6 6.24,-O3 -ffast-math -fno-lto -mexecute-only,runs/fir-r9/gpr-window-capture-1/report.json
fir-tiny4-gpr-window-v1,97194ca32110e32955f37bdc070d1b49a0741f2f,b43cf6f34d41cfd82528add4169c48a1cae161f1cf12eb0835823b7395303358,capture1:B512:N5,accepted_with_user_allowance,1712.2265625,CMSIS=2882.2421875;delta=-1170.015625;allowance=2;strict_parity=True;pair/T9 pass,AC6 6.24,-O3 -ffast-math -fno-lto -mexecute-only,runs/fir-r9/gpr-window-capture-1/report.json
fir-tiny4-gpr-window-v1,97194ca32110e32955f37bdc070d1b49a0741f2f,b43cf6f34d41cfd82528add4169c48a1cae161f1cf12eb0835823b7395303358,capture1:B512:N6,accepted_with_user_allowance,1978.2265625,CMSIS=2889.2421875;delta=-911.015625;allowance=2;strict_parity=True;pair/T9 pass,AC6 6.24,-O3 -ffast-math -fno-lto -mexecute-only,runs/fir-r9/gpr-window-capture-1/report.json
fir-tiny4-gpr-window-v1,97194ca32110e32955f37bdc070d1b49a0741f2f,b43cf6f34d41cfd82528add4169c48a1cae161f1cf12eb0835823b7395303358,capture1:B512:N7,accepted_with_user_allowance,2109.2265625,CMSIS=2763.2421875;delta=-654.015625;allowance=2;strict_parity=True;pair/T9 pass,AC6 6.24,-O3 -ffast-math -fno-lto -mexecute-only,runs/fir-r9/gpr-window-capture-1/report.json
fir-tiny4-gpr-window-v1,97194ca32110e32955f37bdc070d1b49a0741f2f,b43cf6f34d41cfd82528add4169c48a1cae161f1cf12eb0835823b7395303358,capture1:B512:N8,accepted_with_user_allowance,2503.2265625,CMSIS=2889.2421875;delta=-386.015625;allowance=2;strict_parity=True;pair/T9 pass,AC6 6.24,-O3 -ffast-math -fno-lto -mexecute-only,runs/fir-r9/gpr-window-capture-1/report.json
fir-tiny4-gpr-window-v1,97194ca32110e32955f37bdc070d1b49a0741f2f,b43cf6f34d41cfd82528add4169c48a1cae161f1cf12eb0835823b7395303358,capture1:B512:N9,accepted_with_user_allowance,3573.2265625,CMSIS=4847.2421875;delta=-1274.015625;allowance=2;strict_parity=True;pair/T9 pass,AC6 6.24,-O3 -ffast-math -fno-lto -mexecute-only,runs/fir-r9/gpr-window-capture-1/report.json
fir-tiny4-gpr-window-v1,97194ca32110e32955f37bdc070d1b49a0741f2f,b43cf6f34d41cfd82528add4169c48a1cae161f1cf12eb0835823b7395303358,capture1:B512:N15,accepted_with_user_allowance,5496.2265625,CMSIS=5756.2421875;delta=-260.015625;allowance=2;strict_parity=True;pair/T9 pass,AC6 6.24,-O3 -ffast-math -fno-lto -mexecute-only,runs/fir-r9/gpr-window-capture-1/report.json
fir-tiny4-gpr-window-v1,97194ca32110e32955f37bdc070d1b49a0741f2f,b43cf6f34d41cfd82528add4169c48a1cae161f1cf12eb0835823b7395303358,capture1:B512:N16,accepted_with_user_allowance,5762.2265625,CMSIS=5882.2421875;delta=-120.015625;allowance=2;strict_parity=True;pair/T9 pass,AC6 6.24,-O3 -ffast-math -fno-lto -mexecute-only,runs/fir-r9/gpr-window-capture-1/report.json
fir-tiny4-gpr-window-v1,97194ca32110e32955f37bdc070d1b49a0741f2f,b43cf6f34d41cfd82528add4169c48a1cae161f1cf12eb0835823b7395303358,capture1:B512:N17,accepted_with_user_allowance,6143.2265625,CMSIS=7581.2421875;delta=-1438.015625;allowance=2;strict_parity=True;pair/T9 pass,AC6 6.24,-O3 -ffast-math -fno-lto -mexecute-only,runs/fir-r9/gpr-window-capture-1/report.json
fir-tiny4-gpr-window-v1,97194ca32110e32955f37bdc070d1b49a0741f2f,b43cf6f34d41cfd82528add4169c48a1cae161f1cf12eb0835823b7395303358,capture1:B512:N31,accepted_with_user_allowance,10642.2265625,CMSIS=11219.2421875;delta=-577.015625;allowance=2;strict_parity=True;pair/T9 pass,AC6 6.24,-O3 -ffast-math -fno-lto -mexecute-only,runs/fir-r9/gpr-window-capture-1/report.json
fir-tiny4-gpr-window-v1,97194ca32110e32955f37bdc070d1b49a0741f2f,b43cf6f34d41cfd82528add4169c48a1cae161f1cf12eb0835823b7395303358,capture1:B512:N32,accepted_with_user_allowance,10980.2265625,CMSIS=11345.2421875;delta=-365.015625;allowance=2;strict_parity=True;pair/T9 pass,AC6 6.24,-O3 -ffast-math -fno-lto -mexecute-only,runs/fir-r9/gpr-window-capture-1/report.json
fir-tiny4-gpr-window-v1,97194ca32110e32955f37bdc070d1b49a0741f2f,b43cf6f34d41cfd82528add4169c48a1cae161f1cf12eb0835823b7395303358,capture1:B512:N33,accepted_with_user_allowance,12316.2265625,CMSIS=13037.2421875;delta=-721.015625;allowance=2;strict_parity=True;pair/T9 pass,AC6 6.24,-O3 -ffast-math -fno-lto -mexecute-only,runs/fir-r9/gpr-window-capture-1/report.json
fir-tiny4-gpr-window-v1,97194ca32110e32955f37bdc070d1b49a0741f2f,b43cf6f34d41cfd82528add4169c48a1cae161f1cf12eb0835823b7395303358,capture1:B512:N64,accepted_with_user_allowance,21315.2265625,CMSIS=22257.2421875;delta=-942.015625;allowance=2;strict_parity=True;pair/T9 pass,AC6 6.24,-O3 -ffast-math -fno-lto -mexecute-only,runs/fir-r9/gpr-window-capture-1/report.json
fir-tiny4-gpr-window-v1,97194ca32110e32955f37bdc070d1b49a0741f2f,b43cf6f34d41cfd82528add4169c48a1cae161f1cf12eb0835823b7395303358,capture1:B512:N128,accepted_with_user_allowance,43196.234375,CMSIS=44081.25;delta=-885.015625;allowance=2;strict_parity=True;pair/T9 pass,AC6 6.24,-O3 -ffast-math -fno-lto -mexecute-only,runs/fir-r9/gpr-window-capture-1/report.json
fir-tiny4-gpr-window-v1,97194ca32110e32955f37bdc070d1b49a0741f2f,b43cf6f34d41cfd82528add4169c48a1cae161f1cf12eb0835823b7395303358,capture2:B1:N1,accepted_with_user_allowance,32.037353515625,CMSIS=55.04541015625;delta=-23.008056640625;allowance=2;strict_parity=True;pair/T9 pass,AC6 6.24,-O3 -ffast-math -fno-lto -mexecute-only,runs/fir-r10/final-capture-2/report.json
fir-tiny4-gpr-window-v1,97194ca32110e32955f37bdc070d1b49a0741f2f,b43cf6f34d41cfd82528add4169c48a1cae161f1cf12eb0835823b7395303358,capture2:B1:N2,accepted_with_user_allowance,37.02978515625,CMSIS=55.04541015625;delta=-18.015625;allowance=2;strict_parity=True;pair/T9 pass,AC6 6.24,-O3 -ffast-math -fno-lto -mexecute-only,runs/fir-r10/final-capture-2/report.json
fir-tiny4-gpr-window-v1,97194ca32110e32955f37bdc070d1b49a0741f2f,b43cf6f34d41cfd82528add4169c48a1cae161f1cf12eb0835823b7395303358,capture2:B1:N3,accepted_with_user_allowance,45.02978515625,CMSIS=54.04541015625;delta=-9.015625;allowance=2;strict_parity=True;pair/T9 pass,AC6 6.24,-O3 -ffast-math -fno-lto -mexecute-only,runs/fir-r10/final-capture-2/report.json
fir-tiny4-gpr-window-v1,97194ca32110e32955f37bdc070d1b49a0741f2f,b43cf6f34d41cfd82528add4169c48a1cae161f1cf12eb0835823b7395303358,capture2:B1:N4,accepted_with_user_allowance,38.02978515625,CMSIS=55.04541015625;delta=-17.015625;allowance=2;strict_parity=True;pair/T9 pass,AC6 6.24,-O3 -ffast-math -fno-lto -mexecute-only,runs/fir-r10/final-capture-2/report.json
fir-tiny4-gpr-window-v1,97194ca32110e32955f37bdc070d1b49a0741f2f,b43cf6f34d41cfd82528add4169c48a1cae161f1cf12eb0835823b7395303358,capture2:B1:N5,accepted_with_user_allowance,78.05078125,CMSIS=86.0517578125;delta=-8.0009765625;allowance=2;strict_parity=True;pair/T9 pass,AC6 6.24,-O3 -ffast-math -fno-lto -mexecute-only,runs/fir-r10/final-capture-2/report.json
fir-tiny4-gpr-window-v1,97194ca32110e32955f37bdc070d1b49a0741f2f,b43cf6f34d41cfd82528add4169c48a1cae161f1cf12eb0835823b7395303358,capture2:B1:N6,accepted_with_user_allowance,88.05078125,CMSIS=93.0517578125;delta=-5.0009765625;allowance=2;strict_parity=True;pair/T9 pass,AC6 6.24,-O3 -ffast-math -fno-lto -mexecute-only,runs/fir-r10/final-capture-2/report.json
fir-tiny4-gpr-window-v1,97194ca32110e32955f37bdc070d1b49a0741f2f,b43cf6f34d41cfd82528add4169c48a1cae161f1cf12eb0835823b7395303358,capture2:B1:N7,accepted_with_user_allowance,76.05078125,CMSIS=93.0517578125;delta=-17.0009765625;allowance=2;strict_parity=True;pair/T9 pass,AC6 6.24,-O3 -ffast-math -fno-lto -mexecute-only,runs/fir-r10/final-capture-2/report.json
fir-tiny4-gpr-window-v1,97194ca32110e32955f37bdc070d1b49a0741f2f,b43cf6f34d41cfd82528add4169c48a1cae161f1cf12eb0835823b7395303358,capture2:B1:N8,accepted_with_user_allowance,81.05078125,CMSIS=94.04443359375;delta=-12.99365234375;allowance=2;strict_parity=True;pair/T9 pass,AC6 6.24,-O3 -ffast-math -fno-lto -mexecute-only,runs/fir-r10/final-capture-2/report.json
fir-tiny4-gpr-window-v1,97194ca32110e32955f37bdc070d1b49a0741f2f,b43cf6f34d41cfd82528add4169c48a1cae161f1cf12eb0835823b7395303358,capture2:B1:N9,accepted_with_user_allowance,100.0625,CMSIS=136.064453125;delta=-36.001953125;allowance=2;strict_parity=True;pair/T9 pass,AC6 6.24,-O3 -ffast-math -fno-lto -mexecute-only,runs/fir-r10/final-capture-2/report.json
fir-tiny4-gpr-window-v1,97194ca32110e32955f37bdc070d1b49a0741f2f,b43cf6f34d41cfd82528add4169c48a1cae161f1cf12eb0835823b7395303358,capture2:B1:N15,accepted_with_user_allowance,134.0625,CMSIS=156.064453125;delta=-22.001953125;allowance=2;strict_parity=True;pair/T9 pass,AC6 6.24,-O3 -ffast-math -fno-lto -mexecute-only,runs/fir-r10/final-capture-2/report.json
fir-tiny4-gpr-window-v1,97194ca32110e32955f37bdc070d1b49a0741f2f,b43cf6f34d41cfd82528add4169c48a1cae161f1cf12eb0835823b7395303358,capture2:B1:N16,accepted_with_user_allowance,141.0625,CMSIS=156.064453125;delta=-15.001953125;allowance=2;strict_parity=True;pair/T9 pass,AC6 6.24,-O3 -ffast-math -fno-lto -mexecute-only,runs/fir-r10/final-capture-2/report.json
fir-tiny4-gpr-window-v1,97194ca32110e32955f37bdc070d1b49a0741f2f,b43cf6f34d41cfd82528add4169c48a1cae161f1cf12eb0835823b7395303358,capture2:B1:N17,accepted_with_user_allowance,142.0625,CMSIS=199.064453125;delta=-57.001953125;allowance=2;strict_parity=True;pair/T9 pass,AC6 6.24,-O3 -ffast-math -fno-lto -mexecute-only,runs/fir-r10/final-capture-2/report.json
fir-tiny4-gpr-window-v1,97194ca32110e32955f37bdc070d1b49a0741f2f,b43cf6f34d41cfd82528add4169c48a1cae161f1cf12eb0835823b7395303358,capture2:B1:N31,accepted_with_user_allowance,218.0859375,CMSIS=277.08984375;delta=-59.00390625;allowance=2;strict_parity=True;pair/T9 pass,AC6 6.24,-O3 -ffast-math -fno-lto -mexecute-only,runs/fir-r10/final-capture-2/report.json
fir-tiny4-gpr-window-v1,97194ca32110e32955f37bdc070d1b49a0741f2f,b43cf6f34d41cfd82528add4169c48a1cae161f1cf12eb0835823b7395303358,capture2:B1:N32,accepted_with_user_allowance,222.0859375,CMSIS=277.08984375;delta=-55.00390625;allowance=2;strict_parity=True;pair/T9 pass,AC6 6.24,-O3 -ffast-math -fno-lto -mexecute-only,runs/fir-r10/final-capture-2/report.json
fir-tiny4-gpr-window-v1,97194ca32110e32955f37bdc070d1b49a0741f2f,b43cf6f34d41cfd82528add4169c48a1cae161f1cf12eb0835823b7395303358,capture2:B1:N33,accepted_with_user_allowance,100.431640625,CMSIS=313.064453125;delta=-212.6328125;allowance=2;strict_parity=True;pair/T9 pass,AC6 6.24,-O3 -ffast-math -fno-lto -mexecute-only,runs/fir-r10/final-capture-2/report.json
fir-tiny4-gpr-window-v1,97194ca32110e32955f37bdc070d1b49a0741f2f,b43cf6f34d41cfd82528add4169c48a1cae161f1cf12eb0835823b7395303358,capture2:B1:N64,accepted_with_user_allowance,131.744140625,CMSIS=505.064453125;delta=-373.3203125;allowance=2;strict_parity=True;pair/T9 pass,AC6 6.24,-O3 -ffast-math -fno-lto -mexecute-only,runs/fir-r10/final-capture-2/report.json
fir-tiny4-gpr-window-v1,97194ca32110e32955f37bdc070d1b49a0741f2f,b43cf6f34d41cfd82528add4169c48a1cae161f1cf12eb0835823b7395303358,capture2:B1:N128,accepted_with_user_allowance,193.369140625,CMSIS=961.064453125;delta=-767.6953125;allowance=2;strict_parity=True;pair/T9 pass,AC6 6.24,-O3 -ffast-math -fno-lto -mexecute-only,runs/fir-r10/final-capture-2/report.json
fir-tiny4-gpr-window-v1,97194ca32110e32955f37bdc070d1b49a0741f2f,b43cf6f34d41cfd82528add4169c48a1cae161f1cf12eb0835823b7395303358,capture2:B2:N1,accepted_with_user_allowance,32.037353515625,CMSIS=55.04541015625;delta=-23.008056640625;allowance=2;strict_parity=True;pair/T9 pass,AC6 6.24,-O3 -ffast-math -fno-lto -mexecute-only,runs/fir-r10/final-capture-2/report.json
fir-tiny4-gpr-window-v1,97194ca32110e32955f37bdc070d1b49a0741f2f,b43cf6f34d41cfd82528add4169c48a1cae161f1cf12eb0835823b7395303358,capture2:B2:N2,accepted_with_user_allowance,47.02978515625,CMSIS=55.04541015625;delta=-8.015625;allowance=2;strict_parity=True;pair/T9 pass,AC6 6.24,-O3 -ffast-math -fno-lto -mexecute-only,runs/fir-r10/final-capture-2/report.json
fir-tiny4-gpr-window-v1,97194ca32110e32955f37bdc070d1b49a0741f2f,b43cf6f34d41cfd82528add4169c48a1cae161f1cf12eb0835823b7395303358,capture2:B2:N3,accepted_with_user_allowance,52.0361328125,CMSIS=54.0517578125;delta=-2.015625;allowance=2;strict_parity=True;pair/T9 pass,AC6 6.24,-O3 -ffast-math -fno-lto -mexecute-only,runs/fir-r10/final-capture-2/report.json
fir-tiny4-gpr-window-v1,97194ca32110e32955f37bdc070d1b49a0741f2f,b43cf6f34d41cfd82528add4169c48a1cae161f1cf12eb0835823b7395303358,capture2:B2:N4,accepted_with_user_allowance,52.0361328125,CMSIS=55.0517578125;delta=-3.015625;allowance=2;strict_parity=True;pair/T9 pass,AC6 6.24,-O3 -ffast-math -fno-lto -mexecute-only,runs/fir-r10/final-capture-2/report.json
fir-tiny4-gpr-window-v1,97194ca32110e32955f37bdc070d1b49a0741f2f,b43cf6f34d41cfd82528add4169c48a1cae161f1cf12eb0835823b7395303358,capture2:B2:N5,accepted_with_user_allowance,78.05078125,CMSIS=86.0517578125;delta=-8.0009765625;allowance=2;strict_parity=True;pair/T9 pass,AC6 6.24,-O3 -ffast-math -fno-lto -mexecute-only,runs/fir-r10/final-capture-2/report.json
fir-tiny4-gpr-window-v1,97194ca32110e32955f37bdc070d1b49a0741f2f,b43cf6f34d41cfd82528add4169c48a1cae161f1cf12eb0835823b7395303358,capture2:B2:N6,accepted_with_user_allowance,88.05078125,CMSIS=94.04443359375;delta=-5.99365234375;allowance=2;strict_parity=True;pair/T9 pass,AC6 6.24,-O3 -ffast-math -fno-lto -mexecute-only,runs/fir-r10/final-capture-2/report.json
fir-tiny4-gpr-window-v1,97194ca32110e32955f37bdc070d1b49a0741f2f,b43cf6f34d41cfd82528add4169c48a1cae161f1cf12eb0835823b7395303358,capture2:B2:N7,accepted_with_user_allowance,75.05078125,CMSIS=94.04443359375;delta=-18.99365234375;allowance=2;strict_parity=True;pair/T9 pass,AC6 6.24,-O3 -ffast-math -fno-lto -mexecute-only,runs/fir-r10/final-capture-2/report.json
fir-tiny4-gpr-window-v1,97194ca32110e32955f37bdc070d1b49a0741f2f,b43cf6f34d41cfd82528add4169c48a1cae161f1cf12eb0835823b7395303358,capture2:B2:N8,accepted_with_user_allowance,80.05078125,CMSIS=93.0517578125;delta=-13.0009765625;allowance=2;strict_parity=True;pair/T9 pass,AC6 6.24,-O3 -ffast-math -fno-lto -mexecute-only,runs/fir-r10/final-capture-2/report.json
fir-tiny4-gpr-window-v1,97194ca32110e32955f37bdc070d1b49a0741f2f,b43cf6f34d41cfd82528add4169c48a1cae161f1cf12eb0835823b7395303358,capture2:B2:N9,accepted_with_user_allowance,100.0625,CMSIS=137.0576171875;delta=-36.9951171875;allowance=2;strict_parity=True;pair/T9 pass,AC6 6.24,-O3 -ffast-math -fno-lto -mexecute-only,runs/fir-r10/final-capture-2/report.json
fir-tiny4-gpr-window-v1,97194ca32110e32955f37bdc070d1b49a0741f2f,b43cf6f34d41cfd82528add4169c48a1cae161f1cf12eb0835823b7395303358,capture2:B2:N15,accepted_with_user_allowance,132.0625,CMSIS=155.064453125;delta=-23.001953125;allowance=2;strict_parity=True;pair/T9 pass,AC6 6.24,-O3 -ffast-math -fno-lto -mexecute-only,runs/fir-r10/final-capture-2/report.json
fir-tiny4-gpr-window-v1,97194ca32110e32955f37bdc070d1b49a0741f2f,b43cf6f34d41cfd82528add4169c48a1cae161f1cf12eb0835823b7395303358,capture2:B2:N16,accepted_with_user_allowance,139.0625,CMSIS=156.0576171875;delta=-16.9951171875;allowance=2;strict_parity=True;pair/T9 pass,AC6 6.24,-O3 -ffast-math -fno-lto -mexecute-only,runs/fir-r10/final-capture-2/report.json
fir-tiny4-gpr-window-v1,97194ca32110e32955f37bdc070d1b49a0741f2f,b43cf6f34d41cfd82528add4169c48a1cae161f1cf12eb0835823b7395303358,capture2:B2:N17,accepted_with_user_allowance,140.0625,CMSIS=198.0576171875;delta=-57.9951171875;allowance=2;strict_parity=True;pair/T9 pass,AC6 6.24,-O3 -ffast-math -fno-lto -mexecute-only,runs/fir-r10/final-capture-2/report.json
fir-tiny4-gpr-window-v1,97194ca32110e32955f37bdc070d1b49a0741f2f,b43cf6f34d41cfd82528add4169c48a1cae161f1cf12eb0835823b7395303358,capture2:B2:N31,accepted_with_user_allowance,212.0859375,CMSIS=272.08984375;delta=-60.00390625;allowance=2;strict_parity=True;pair/T9 pass,AC6 6.24,-O3 -ffast-math -fno-lto -mexecute-only,runs/fir-r10/final-capture-2/report.json
fir-tiny4-gpr-window-v1,97194ca32110e32955f37bdc070d1b49a0741f2f,b43cf6f34d41cfd82528add4169c48a1cae161f1cf12eb0835823b7395303358,capture2:B2:N32,accepted_with_user_allowance,216.0859375,CMSIS=273.083984375;delta=-56.998046875;allowance=2;strict_parity=True;pair/T9 pass,AC6 6.24,-O3 -ffast-math -fno-lto -mexecute-only,runs/fir-r10/final-capture-2/report.json
fir-tiny4-gpr-window-v1,97194ca32110e32955f37bdc070d1b49a0741f2f,b43cf6f34d41cfd82528add4169c48a1cae161f1cf12eb0835823b7395303358,capture2:B2:N33,accepted_with_user_allowance,130.814453125,CMSIS=308.0576171875;delta=-177.2431640625;allowance=2;strict_parity=True;pair/T9 pass,AC6 6.24,-O3 -ffast-math -fno-lto -mexecute-only,runs/fir-r10/final-capture-2/report.json
fir-tiny4-gpr-window-v1,97194ca32110e32955f37bdc070d1b49a0741f2f,b43cf6f34d41cfd82528add4169c48a1cae161f1cf12eb0835823b7395303358,capture2:B2:N64,accepted_with_user_allowance,176.439453125,CMSIS=493.0576171875;delta=-316.6181640625;allowance=2;strict_parity=True;pair/T9 pass,AC6 6.24,-O3 -ffast-math -fno-lto -mexecute-only,runs/fir-r10/final-capture-2/report.json
fir-tiny4-gpr-window-v1,97194ca32110e32955f37bdc070d1b49a0741f2f,b43cf6f34d41cfd82528add4169c48a1cae161f1cf12eb0835823b7395303358,capture2:B2:N128,accepted_with_user_allowance,270.71484375,CMSIS=933.083984375;delta=-662.369140625;allowance=2;strict_parity=True;pair/T9 pass,AC6 6.24,-O3 -ffast-math -fno-lto -mexecute-only,runs/fir-r10/final-capture-2/report.json
fir-tiny4-gpr-window-v1,97194ca32110e32955f37bdc070d1b49a0741f2f,b43cf6f34d41cfd82528add4169c48a1cae161f1cf12eb0835823b7395303358,capture2:B3:N1,accepted_with_user_allowance,32.037353515625,CMSIS=55.04541015625;delta=-23.008056640625;allowance=2;strict_parity=True;pair/T9 pass,AC6 6.24,-O3 -ffast-math -fno-lto -mexecute-only,runs/fir-r10/final-capture-2/report.json
fir-tiny4-gpr-window-v1,97194ca32110e32955f37bdc070d1b49a0741f2f,b43cf6f34d41cfd82528add4169c48a1cae161f1cf12eb0835823b7395303358,capture2:B3:N2,accepted_with_user_allowance,49.0361328125,CMSIS=55.0517578125;delta=-6.015625;allowance=2;strict_parity=True;pair/T9 pass,AC6 6.24,-O3 -ffast-math -fno-lto -mexecute-only,runs/fir-r10/final-capture-2/report.json
fir-tiny4-gpr-window-v1,97194ca32110e32955f37bdc070d1b49a0741f2f,b43cf6f34d41cfd82528add4169c48a1cae161f1cf12eb0835823b7395303358,capture2:B3:N3,accepted_with_user_allowance,52.0361328125,CMSIS=54.0517578125;delta=-2.015625;allowance=2;strict_parity=True;pair/T9 pass,AC6 6.24,-O3 -ffast-math -fno-lto -mexecute-only,runs/fir-r10/final-capture-2/report.json
fir-tiny4-gpr-window-v1,97194ca32110e32955f37bdc070d1b49a0741f2f,b43cf6f34d41cfd82528add4169c48a1cae161f1cf12eb0835823b7395303358,capture2:B3:N4,accepted_with_user_allowance,53.0361328125,CMSIS=55.0517578125;delta=-2.015625;allowance=2;strict_parity=True;pair/T9 pass,AC6 6.24,-O3 -ffast-math -fno-lto -mexecute-only,runs/fir-r10/final-capture-2/report.json
fir-tiny4-gpr-window-v1,97194ca32110e32955f37bdc070d1b49a0741f2f,b43cf6f34d41cfd82528add4169c48a1cae161f1cf12eb0835823b7395303358,capture2:B3:N5,accepted_with_user_allowance,78.05078125,CMSIS=87.04443359375;delta=-8.99365234375;allowance=2;strict_parity=True;pair/T9 pass,AC6 6.24,-O3 -ffast-math -fno-lto -mexecute-only,runs/fir-r10/final-capture-2/report.json
fir-tiny4-gpr-window-v1,97194ca32110e32955f37bdc070d1b49a0741f2f,b43cf6f34d41cfd82528add4169c48a1cae161f1cf12eb0835823b7395303358,capture2:B3:N6,accepted_with_user_allowance,88.05078125,CMSIS=94.04443359375;delta=-5.99365234375;allowance=2;strict_parity=True;pair/T9 pass,AC6 6.24,-O3 -ffast-math -fno-lto -mexecute-only,runs/fir-r10/final-capture-2/report.json
fir-tiny4-gpr-window-v1,97194ca32110e32955f37bdc070d1b49a0741f2f,b43cf6f34d41cfd82528add4169c48a1cae161f1cf12eb0835823b7395303358,capture2:B3:N7,accepted_with_user_allowance,76.05078125,CMSIS=93.0517578125;delta=-17.0009765625;allowance=2;strict_parity=True;pair/T9 pass,AC6 6.24,-O3 -ffast-math -fno-lto -mexecute-only,runs/fir-r10/final-capture-2/report.json
fir-tiny4-gpr-window-v1,97194ca32110e32955f37bdc070d1b49a0741f2f,b43cf6f34d41cfd82528add4169c48a1cae161f1cf12eb0835823b7395303358,capture2:B3:N8,accepted_with_user_allowance,81.05078125,CMSIS=93.0517578125;delta=-12.0009765625;allowance=2;strict_parity=True;pair/T9 pass,AC6 6.24,-O3 -ffast-math -fno-lto -mexecute-only,runs/fir-r10/final-capture-2/report.json
fir-tiny4-gpr-window-v1,97194ca32110e32955f37bdc070d1b49a0741f2f,b43cf6f34d41cfd82528add4169c48a1cae161f1cf12eb0835823b7395303358,capture2:B3:N9,accepted_with_user_allowance,100.0625,CMSIS=137.064453125;delta=-37.001953125;allowance=2;strict_parity=True;pair/T9 pass,AC6 6.24,-O3 -ffast-math -fno-lto -mexecute-only,runs/fir-r10/final-capture-2/report.json
fir-tiny4-gpr-window-v1,97194ca32110e32955f37bdc070d1b49a0741f2f,b43cf6f34d41cfd82528add4169c48a1cae161f1cf12eb0835823b7395303358,capture2:B3:N15,accepted_with_user_allowance,134.0625,CMSIS=158.0576171875;delta=-23.9951171875;allowance=2;strict_parity=True;pair/T9 pass,AC6 6.24,-O3 -ffast-math -fno-lto -mexecute-only,runs/fir-r10/final-capture-2/report.json
fir-tiny4-gpr-window-v1,97194ca32110e32955f37bdc070d1b49a0741f2f,b43cf6f34d41cfd82528add4169c48a1cae161f1cf12eb0835823b7395303358,capture2:B3:N16,accepted_with_user_allowance,141.0625,CMSIS=158.0576171875;delta=-16.9951171875;allowance=2;strict_parity=True;pair/T9 pass,AC6 6.24,-O3 -ffast-math -fno-lto -mexecute-only,runs/fir-r10/final-capture-2/report.json
fir-tiny4-gpr-window-v1,97194ca32110e32955f37bdc070d1b49a0741f2f,b43cf6f34d41cfd82528add4169c48a1cae161f1cf12eb0835823b7395303358,capture2:B3:N17,accepted_with_user_allowance,142.0625,CMSIS=200.064453125;delta=-58.001953125;allowance=2;strict_parity=True;pair/T9 pass,AC6 6.24,-O3 -ffast-math -fno-lto -mexecute-only,runs/fir-r10/final-capture-2/report.json
fir-tiny4-gpr-window-v1,97194ca32110e32955f37bdc070d1b49a0741f2f,b43cf6f34d41cfd82528add4169c48a1cae161f1cf12eb0835823b7395303358,capture2:B3:N31,accepted_with_user_allowance,218.0859375,CMSIS=279.083984375;delta=-60.998046875;allowance=2;strict_parity=True;pair/T9 pass,AC6 6.24,-O3 -ffast-math -fno-lto -mexecute-only,runs/fir-r10/final-capture-2/report.json
fir-tiny4-gpr-window-v1,97194ca32110e32955f37bdc070d1b49a0741f2f,b43cf6f34d41cfd82528add4169c48a1cae161f1cf12eb0835823b7395303358,capture2:B3:N32,accepted_with_user_allowance,222.0859375,CMSIS=279.083984375;delta=-56.998046875;allowance=2;strict_parity=True;pair/T9 pass,AC6 6.24,-O3 -ffast-math -fno-lto -mexecute-only,runs/fir-r10/final-capture-2/report.json
fir-tiny4-gpr-window-v1,97194ca32110e32955f37bdc070d1b49a0741f2f,b43cf6f34d41cfd82528add4169c48a1cae161f1cf12eb0835823b7395303358,capture2:B3:N33,accepted_with_user_allowance,179.0703125,CMSIS=314.064453125;delta=-134.994140625;allowance=2;strict_parity=True;pair/T9 pass,AC6 6.24,-O3 -ffast-math -fno-lto -mexecute-only,runs/fir-r10/final-capture-2/report.json
fir-tiny4-gpr-window-v1,97194ca32110e32955f37bdc070d1b49a0741f2f,b43cf6f34d41cfd82528add4169c48a1cae161f1cf12eb0835823b7395303358,capture2:B3:N64,accepted_with_user_allowance,252.84375,CMSIS=507.083984375;delta=-254.240234375;allowance=2;strict_parity=True;pair/T9 pass,AC6 6.24,-O3 -ffast-math -fno-lto -mexecute-only,runs/fir-r10/final-capture-2/report.json
fir-tiny4-gpr-window-v1,97194ca32110e32955f37bdc070d1b49a0741f2f,b43cf6f34d41cfd82528add4169c48a1cae161f1cf12eb0835823b7395303358,capture2:B3:N128,accepted_with_user_allowance,411.390625,CMSIS=963.13671875;delta=-551.74609375;allowance=2;strict_parity=True;pair/T9 pass,AC6 6.24,-O3 -ffast-math -fno-lto -mexecute-only,runs/fir-r10/final-capture-2/report.json
fir-tiny4-gpr-window-v1,97194ca32110e32955f37bdc070d1b49a0741f2f,b43cf6f34d41cfd82528add4169c48a1cae161f1cf12eb0835823b7395303358,capture2:B4:N1,accepted_with_user_allowance,32.037353515625,CMSIS=57.04541015625;delta=-25.008056640625;allowance=2;strict_parity=True;pair/T9 pass,AC6 6.24,-O3 -ffast-math -fno-lto -mexecute-only,runs/fir-r10/final-capture-2/report.json
fir-tiny4-gpr-window-v1,97194ca32110e32955f37bdc070d1b49a0741f2f,b43cf6f34d41cfd82528add4169c48a1cae161f1cf12eb0835823b7395303358,capture2:B4:N2,accepted_with_user_allowance,44.052490234375,CMSIS=57.04541015625;delta=-12.992919921875;allowance=2;strict_parity=True;pair/T9 pass,AC6 6.24,-O3 -ffast-math -fno-lto -mexecute-only,runs/fir-r10/final-capture-2/report.json
fir-tiny4-gpr-window-v1,97194ca32110e32955f37bdc070d1b49a0741f2f,b43cf6f34d41cfd82528add4169c48a1cae161f1cf12eb0835823b7395303358,capture2:B4:N3,accepted_with_user_allowance,44.052490234375,CMSIS=56.04541015625;delta=-11.992919921875;allowance=2;strict_parity=True;pair/T9 pass,AC6 6.24,-O3 -ffast-math -fno-lto -mexecute-only,runs/fir-r10/final-capture-2/report.json
fir-tiny4-gpr-window-v1,97194ca32110e32955f37bdc070d1b49a0741f2f,b43cf6f34d41cfd82528add4169c48a1cae161f1cf12eb0835823b7395303358,capture2:B4:N4,accepted_with_user_allowance,52.05078125,CMSIS=57.0517578125;delta=-5.0009765625;allowance=2;strict_parity=True;pair/T9 pass,AC6 6.24,-O3 -ffast-math -fno-lto -mexecute-only,runs/fir-r10/final-capture-2/report.json
fir-tiny4-gpr-window-v1,97194ca32110e32955f37bdc070d1b49a0741f2f,b43cf6f34d41cfd82528add4169c48a1cae161f1cf12eb0835823b7395303358,capture2:B4:N5,accepted_with_user_allowance,78.05078125,CMSIS=85.04443359375;delta=-6.99365234375;allowance=2;strict_parity=True;pair/T9 pass,AC6 6.24,-O3 -ffast-math -fno-lto -mexecute-only,runs/fir-r10/final-capture-2/report.json
fir-tiny4-gpr-window-v1,97194ca32110e32955f37bdc070d1b49a0741f2f,b43cf6f34d41cfd82528add4169c48a1cae161f1cf12eb0835823b7395303358,capture2:B4:N6,accepted_with_user_allowance,88.05078125,CMSIS=91.0517578125;delta=-3.0009765625;allowance=2;strict_parity=True;pair/T9 pass,AC6 6.24,-O3 -ffast-math -fno-lto -mexecute-only,runs/fir-r10/final-capture-2/report.json
fir-tiny4-gpr-window-v1,97194ca32110e32955f37bdc070d1b49a0741f2f,b43cf6f34d41cfd82528add4169c48a1cae161f1cf12eb0835823b7395303358,capture2:B4:N7,accepted_with_user_allowance,76.05078125,CMSIS=91.0517578125;delta=-15.0009765625;allowance=2;strict_parity=True;pair/T9 pass,AC6 6.24,-O3 -ffast-math -fno-lto -mexecute-only,runs/fir-r10/final-capture-2/report.json
fir-tiny4-gpr-window-v1,97194ca32110e32955f37bdc070d1b49a0741f2f,b43cf6f34d41cfd82528add4169c48a1cae161f1cf12eb0835823b7395303358,capture2:B4:N8,accepted_with_user_allowance,81.05078125,CMSIS=92.04443359375;delta=-10.99365234375;allowance=2;strict_parity=True;pair/T9 pass,AC6 6.24,-O3 -ffast-math -fno-lto -mexecute-only,runs/fir-r10/final-capture-2/report.json
fir-tiny4-gpr-window-v1,97194ca32110e32955f37bdc070d1b49a0741f2f,b43cf6f34d41cfd82528add4169c48a1cae161f1cf12eb0835823b7395303358,capture2:B4:N9,accepted_with_user_allowance,100.0625,CMSIS=144.064453125;delta=-44.001953125;allowance=2;strict_parity=True;pair/T9 pass,AC6 6.24,-O3 -ffast-math -fno-lto -mexecute-only,runs/fir-r10/final-capture-2/report.json
fir-tiny4-gpr-window-v1,97194ca32110e32955f37bdc070d1b49a0741f2f,b43cf6f34d41cfd82528add4169c48a1cae161f1cf12eb0835823b7395303358,capture2:B4:N15,accepted_with_user_allowance,134.0625,CMSIS=164.0576171875;delta=-29.9951171875;allowance=2;strict_parity=True;pair/T9 pass,AC6 6.24,-O3 -ffast-math -fno-lto -mexecute-only,runs/fir-r10/final-capture-2/report.json
fir-tiny4-gpr-window-v1,97194ca32110e32955f37bdc070d1b49a0741f2f,b43cf6f34d41cfd82528add4169c48a1cae161f1cf12eb0835823b7395303358,capture2:B4:N16,accepted_with_user_allowance,141.0625,CMSIS=163.064453125;delta=-22.001953125;allowance=2;strict_parity=True;pair/T9 pass,AC6 6.24,-O3 -ffast-math -fno-lto -mexecute-only,runs/fir-r10/final-capture-2/report.json
fir-tiny4-gpr-window-v1,97194ca32110e32955f37bdc070d1b49a0741f2f,b43cf6f34d41cfd82528add4169c48a1cae161f1cf12eb0835823b7395303358,capture2:B4:N17,accepted_with_user_allowance,142.0625,CMSIS=211.064453125;delta=-69.001953125;allowance=2;strict_parity=True;pair/T9 pass,AC6 6.24,-O3 -ffast-math -fno-lto -mexecute-only,runs/fir-r10/final-capture-2/report.json
fir-tiny4-gpr-window-v1,97194ca32110e32955f37bdc070d1b49a0741f2f,b43cf6f34d41cfd82528add4169c48a1cae161f1cf12eb0835823b7395303358,capture2:B4:N31,accepted_with_user_allowance,218.0859375,CMSIS=293.083984375;delta=-74.998046875;allowance=2;strict_parity=True;pair/T9 pass,AC6 6.24,-O3 -ffast-math -fno-lto -mexecute-only,runs/fir-r10/final-capture-2/report.json
fir-tiny4-gpr-window-v1,97194ca32110e32955f37bdc070d1b49a0741f2f,b43cf6f34d41cfd82528add4169c48a1cae161f1cf12eb0835823b7395303358,capture2:B4:N32,accepted_with_user_allowance,222.0859375,CMSIS=292.08984375;delta=-70.00390625;allowance=2;strict_parity=True;pair/T9 pass,AC6 6.24,-O3 -ffast-math -fno-lto -mexecute-only,runs/fir-r10/final-capture-2/report.json
fir-tiny4-gpr-window-v1,97194ca32110e32955f37bdc070d1b49a0741f2f,b43cf6f34d41cfd82528add4169c48a1cae161f1cf12eb0835823b7395303358,capture2:B4:N33,accepted_with_user_allowance,208.60546875,CMSIS=333.08984375;delta=-124.484375;allowance=2;strict_parity=True;pair/T9 pass,AC6 6.24,-O3 -ffast-math -fno-lto -mexecute-only,runs/fir-r10/final-capture-2/report.json
fir-tiny4-gpr-window-v1,97194ca32110e32955f37bdc070d1b49a0741f2f,b43cf6f34d41cfd82528add4169c48a1cae161f1cf12eb0835823b7395303358,capture2:B4:N64,accepted_with_user_allowance,296.85546875,CMSIS=536.08984375;delta=-239.234375;allowance=2;strict_parity=True;pair/T9 pass,AC6 6.24,-O3 -ffast-math -fno-lto -mexecute-only,runs/fir-r10/final-capture-2/report.json
fir-tiny4-gpr-window-v1,97194ca32110e32955f37bdc070d1b49a0741f2f,b43cf6f34d41cfd82528add4169c48a1cae161f1cf12eb0835823b7395303358,capture2:B4:N128,accepted_with_user_allowance,488.40625,CMSIS=1024.140625;delta=-535.734375;allowance=2;strict_parity=True;pair/T9 pass,AC6 6.24,-O3 -ffast-math -fno-lto -mexecute-only,runs/fir-r10/final-capture-2/report.json
fir-tiny4-gpr-window-v1,97194ca32110e32955f37bdc070d1b49a0741f2f,b43cf6f34d41cfd82528add4169c48a1cae161f1cf12eb0835823b7395303358,capture2:B5:N1,accepted_with_user_allowance,38.02978515625,CMSIS=71.04541015625;delta=-33.015625;allowance=2;strict_parity=True;pair/T9 pass,AC6 6.24,-O3 -ffast-math -fno-lto -mexecute-only,runs/fir-r10/final-capture-2/report.json
fir-tiny4-gpr-window-v1,97194ca32110e32955f37bdc070d1b49a0741f2f,b43cf6f34d41cfd82528add4169c48a1cae161f1cf12eb0835823b7395303358,capture2:B5:N2,accepted_with_user_allowance,47.052490234375,CMSIS=71.04541015625;delta=-23.992919921875;allowance=2;strict_parity=True;pair/T9 pass,AC6 6.24,-O3 -ffast-math -fno-lto -mexecute-only,runs/fir-r10/final-capture-2/report.json
fir-tiny4-gpr-window-v1,97194ca32110e32955f37bdc070d1b49a0741f2f,b43cf6f34d41cfd82528add4169c48a1cae161f1cf12eb0835823b7395303358,capture2:B5:N3,accepted_with_user_allowance,56.05078125,CMSIS=69.0517578125;delta=-13.0009765625;allowance=2;strict_parity=True;pair/T9 pass,AC6 6.24,-O3 -ffast-math -fno-lto -mexecute-only,runs/fir-r10/final-capture-2/report.json
fir-tiny4-gpr-window-v1,97194ca32110e32955f37bdc070d1b49a0741f2f,b43cf6f34d41cfd82528add4169c48a1cae161f1cf12eb0835823b7395303358,capture2:B5:N4,accepted_with_user_allowance,72.05078125,CMSIS=71.0517578125;delta=0.9990234375;allowance=2;strict_parity=False;pair/T9 pass,AC6 6.24,-O3 -ffast-math -fno-lto -mexecute-only,runs/fir-r10/final-capture-2/report.json
fir-tiny4-gpr-window-v1,97194ca32110e32955f37bdc070d1b49a0741f2f,b43cf6f34d41cfd82528add4169c48a1cae161f1cf12eb0835823b7395303358,capture2:B5:N5,accepted_with_user_allowance,97.0361328125,CMSIS=110.037109375;delta=-13.0009765625;allowance=2;strict_parity=True;pair/T9 pass,AC6 6.24,-O3 -ffast-math -fno-lto -mexecute-only,runs/fir-r10/final-capture-2/report.json
fir-tiny4-gpr-window-v1,97194ca32110e32955f37bdc070d1b49a0741f2f,b43cf6f34d41cfd82528add4169c48a1cae161f1cf12eb0835823b7395303358,capture2:B5:N6,accepted_with_user_allowance,109.048828125,CMSIS=117.05078125;delta=-8.001953125;allowance=2;strict_parity=True;pair/T9 pass,AC6 6.24,-O3 -ffast-math -fno-lto -mexecute-only,runs/fir-r10/final-capture-2/report.json
fir-tiny4-gpr-window-v1,97194ca32110e32955f37bdc070d1b49a0741f2f,b43cf6f34d41cfd82528add4169c48a1cae161f1cf12eb0835823b7395303358,capture2:B5:N7,accepted_with_user_allowance,108.048828125,CMSIS=117.05078125;delta=-9.001953125;allowance=2;strict_parity=True;pair/T9 pass,AC6 6.24,-O3 -ffast-math -fno-lto -mexecute-only,runs/fir-r10/final-capture-2/report.json
fir-tiny4-gpr-window-v1,97194ca32110e32955f37bdc070d1b49a0741f2f,b43cf6f34d41cfd82528add4169c48a1cae161f1cf12eb0835823b7395303358,capture2:B5:N8,accepted_with_user_allowance,113.048828125,CMSIS=117.05078125;delta=-4.001953125;allowance=2;strict_parity=True;pair/T9 pass,AC6 6.24,-O3 -ffast-math -fno-lto -mexecute-only,runs/fir-r10/final-capture-2/report.json
fir-tiny4-gpr-window-v1,97194ca32110e32955f37bdc070d1b49a0741f2f,b43cf6f34d41cfd82528add4169c48a1cae161f1cf12eb0835823b7395303358,capture2:B5:N9,accepted_with_user_allowance,127.048828125,CMSIS=180.05078125;delta=-53.001953125;allowance=2;strict_parity=True;pair/T9 pass,AC6 6.24,-O3 -ffast-math -fno-lto -mexecute-only,runs/fir-r10/final-capture-2/report.json
fir-tiny4-gpr-window-v1,97194ca32110e32955f37bdc070d1b49a0741f2f,b43cf6f34d41cfd82528add4169c48a1cae161f1cf12eb0835823b7395303358,capture2:B5:N15,accepted_with_user_allowance,173.048828125,CMSIS=209.05078125;delta=-36.001953125;allowance=2;strict_parity=True;pair/T9 pass,AC6 6.24,-O3 -ffast-math -fno-lto -mexecute-only,runs/fir-r10/final-capture-2/report.json
fir-tiny4-gpr-window-v1,97194ca32110e32955f37bdc070d1b49a0741f2f,b43cf6f34d41cfd82528add4169c48a1cae161f1cf12eb0835823b7395303358,capture2:B5:N16,accepted_with_user_allowance,182.048828125,CMSIS=209.05078125;delta=-27.001953125;allowance=2;strict_parity=True;pair/T9 pass,AC6 6.24,-O3 -ffast-math -fno-lto -mexecute-only,runs/fir-r10/final-capture-2/report.json
fir-tiny4-gpr-window-v1,97194ca32110e32955f37bdc070d1b49a0741f2f,b43cf6f34d41cfd82528add4169c48a1cae161f1cf12eb0835823b7395303358,capture2:B5:N17,accepted_with_user_allowance,185.048828125,CMSIS=268.05078125;delta=-83.001953125;allowance=2;strict_parity=True;pair/T9 pass,AC6 6.24,-O3 -ffast-math -fno-lto -mexecute-only,runs/fir-r10/final-capture-2/report.json
fir-tiny4-gpr-window-v1,97194ca32110e32955f37bdc070d1b49a0741f2f,b43cf6f34d41cfd82528add4169c48a1cae161f1cf12eb0835823b7395303358,capture2:B5:N31,accepted_with_user_allowance,289.07421875,CMSIS=380.078125;delta=-91.00390625;allowance=2;strict_parity=True;pair/T9 pass,AC6 6.24,-O3 -ffast-math -fno-lto -mexecute-only,runs/fir-r10/final-capture-2/report.json
fir-tiny4-gpr-window-v1,97194ca32110e32955f37bdc070d1b49a0741f2f,b43cf6f34d41cfd82528add4169c48a1cae161f1cf12eb0835823b7395303358,capture2:B5:N32,accepted_with_user_allowance,295.07421875,CMSIS=380.078125;delta=-85.00390625;allowance=2;strict_parity=True;pair/T9 pass,AC6 6.24,-O3 -ffast-math -fno-lto -mexecute-only,runs/fir-r10/final-capture-2/report.json
fir-tiny4-gpr-window-v1,97194ca32110e32955f37bdc070d1b49a0741f2f,b43cf6f34d41cfd82528add4169c48a1cae161f1cf12eb0835823b7395303358,capture2:B5:N33,accepted_with_user_allowance,263.98828125,CMSIS=432.078125;delta=-168.08984375;allowance=2;strict_parity=True;pair/T9 pass,AC6 6.24,-O3 -ffast-math -fno-lto -mexecute-only,runs/fir-r10/final-capture-2/report.json
fir-tiny4-gpr-window-v1,97194ca32110e32955f37bdc070d1b49a0741f2f,b43cf6f34d41cfd82528add4169c48a1cae161f1cf12eb0835823b7395303358,capture2:B5:N64,accepted_with_user_allowance,380.55078125,CMSIS=708.078125;delta=-327.52734375;allowance=2;strict_parity=True;pair/T9 pass,AC6 6.24,-O3 -ffast-math -fno-lto -mexecute-only,runs/fir-r10/final-capture-2/report.json
fir-tiny4-gpr-window-v1,97194ca32110e32955f37bdc070d1b49a0741f2f,b43cf6f34d41cfd82528add4169c48a1cae161f1cf12eb0835823b7395303358,capture2:B5:N128,accepted_with_user_allowance,636.7265625,CMSIS=1364.1328125;delta=-727.40625;allowance=2;strict_parity=True;pair/T9 pass,AC6 6.24,-O3 -ffast-math -fno-lto -mexecute-only,runs/fir-r10/final-capture-2/report.json
fir-tiny4-gpr-window-v1,97194ca32110e32955f37bdc070d1b49a0741f2f,b43cf6f34d41cfd82528add4169c48a1cae161f1cf12eb0835823b7395303358,capture2:B7:N1,accepted_with_user_allowance,38.02978515625,CMSIS=71.04541015625;delta=-33.015625;allowance=2;strict_parity=True;pair/T9 pass,AC6 6.24,-O3 -ffast-math -fno-lto -mexecute-only,runs/fir-r10/final-capture-2/report.json
fir-tiny4-gpr-window-v1,97194ca32110e32955f37bdc070d1b49a0741f2f,b43cf6f34d41cfd82528add4169c48a1cae161f1cf12eb0835823b7395303358,capture2:B7:N2,accepted_with_user_allowance,59.05810546875,CMSIS=71.0517578125;delta=-11.99365234375;allowance=2;strict_parity=True;pair/T9 pass,AC6 6.24,-O3 -ffast-math -fno-lto -mexecute-only,runs/fir-r10/final-capture-2/report.json
fir-tiny4-gpr-window-v1,97194ca32110e32955f37bdc070d1b49a0741f2f,b43cf6f34d41cfd82528add4169c48a1cae161f1cf12eb0835823b7395303358,capture2:B7:N3,accepted_with_user_allowance,62.05810546875,CMSIS=69.0517578125;delta=-6.99365234375;allowance=2;strict_parity=True;pair/T9 pass,AC6 6.24,-O3 -ffast-math -fno-lto -mexecute-only,runs/fir-r10/final-capture-2/report.json
fir-tiny4-gpr-window-v1,97194ca32110e32955f37bdc070d1b49a0741f2f,b43cf6f34d41cfd82528add4169c48a1cae161f1cf12eb0835823b7395303358,capture2:B7:N4,accepted_with_user_allowance,70.05078125,CMSIS=71.0517578125;delta=-1.0009765625;allowance=2;strict_parity=True;pair/T9 pass,AC6 6.24,-O3 -ffast-math -fno-lto -mexecute-only,runs/fir-r10/final-capture-2/report.json
fir-tiny4-gpr-window-v1,97194ca32110e32955f37bdc070d1b49a0741f2f,b43cf6f34d41cfd82528add4169c48a1cae161f1cf12eb0835823b7395303358,capture2:B7:N5,accepted_with_user_allowance,97.0361328125,CMSIS=110.037109375;delta=-13.0009765625;allowance=2;strict_parity=True;pair/T9 pass,AC6 6.24,-O3 -ffast-math -fno-lto -mexecute-only,runs/fir-r10/final-capture-2/report.json
fir-tiny4-gpr-window-v1,97194ca32110e32955f37bdc070d1b49a0741f2f,b43cf6f34d41cfd82528add4169c48a1cae161f1cf12eb0835823b7395303358,capture2:B7:N6,accepted_with_user_allowance,109.048828125,CMSIS=117.05078125;delta=-8.001953125;allowance=2;strict_parity=True;pair/T9 pass,AC6 6.24,-O3 -ffast-math -fno-lto -mexecute-only,runs/fir-r10/final-capture-2/report.json
fir-tiny4-gpr-window-v1,97194ca32110e32955f37bdc070d1b49a0741f2f,b43cf6f34d41cfd82528add4169c48a1cae161f1cf12eb0835823b7395303358,capture2:B7:N7,accepted_with_user_allowance,108.048828125,CMSIS=117.05078125;delta=-9.001953125;allowance=2;strict_parity=True;pair/T9 pass,AC6 6.24,-O3 -ffast-math -fno-lto -mexecute-only,runs/fir-r10/final-capture-2/report.json
fir-tiny4-gpr-window-v1,97194ca32110e32955f37bdc070d1b49a0741f2f,b43cf6f34d41cfd82528add4169c48a1cae161f1cf12eb0835823b7395303358,capture2:B7:N8,accepted_with_user_allowance,113.048828125,CMSIS=117.05078125;delta=-4.001953125;allowance=2;strict_parity=True;pair/T9 pass,AC6 6.24,-O3 -ffast-math -fno-lto -mexecute-only,runs/fir-r10/final-capture-2/report.json
fir-tiny4-gpr-window-v1,97194ca32110e32955f37bdc070d1b49a0741f2f,b43cf6f34d41cfd82528add4169c48a1cae161f1cf12eb0835823b7395303358,capture2:B7:N9,accepted_with_user_allowance,127.048828125,CMSIS=181.05078125;delta=-54.001953125;allowance=2;strict_parity=True;pair/T9 pass,AC6 6.24,-O3 -ffast-math -fno-lto -mexecute-only,runs/fir-r10/final-capture-2/report.json
fir-tiny4-gpr-window-v1,97194ca32110e32955f37bdc070d1b49a0741f2f,b43cf6f34d41cfd82528add4169c48a1cae161f1cf12eb0835823b7395303358,capture2:B7:N15,accepted_with_user_allowance,173.048828125,CMSIS=210.05078125;delta=-37.001953125;allowance=2;strict_parity=True;pair/T9 pass,AC6 6.24,-O3 -ffast-math -fno-lto -mexecute-only,runs/fir-r10/final-capture-2/report.json
fir-tiny4-gpr-window-v1,97194ca32110e32955f37bdc070d1b49a0741f2f,b43cf6f34d41cfd82528add4169c48a1cae161f1cf12eb0835823b7395303358,capture2:B7:N16,accepted_with_user_allowance,182.048828125,CMSIS=210.05078125;delta=-28.001953125;allowance=2;strict_parity=True;pair/T9 pass,AC6 6.24,-O3 -ffast-math -fno-lto -mexecute-only,runs/fir-r10/final-capture-2/report.json
fir-tiny4-gpr-window-v1,97194ca32110e32955f37bdc070d1b49a0741f2f,b43cf6f34d41cfd82528add4169c48a1cae161f1cf12eb0835823b7395303358,capture2:B7:N17,accepted_with_user_allowance,185.048828125,CMSIS=269.05078125;delta=-84.001953125;allowance=2;strict_parity=True;pair/T9 pass,AC6 6.24,-O3 -ffast-math -fno-lto -mexecute-only,runs/fir-r10/final-capture-2/report.json
fir-tiny4-gpr-window-v1,97194ca32110e32955f37bdc070d1b49a0741f2f,b43cf6f34d41cfd82528add4169c48a1cae161f1cf12eb0835823b7395303358,capture2:B7:N31,accepted_with_user_allowance,289.07421875,CMSIS=381.078125;delta=-92.00390625;allowance=2;strict_parity=True;pair/T9 pass,AC6 6.24,-O3 -ffast-math -fno-lto -mexecute-only,runs/fir-r10/final-capture-2/report.json
fir-tiny4-gpr-window-v1,97194ca32110e32955f37bdc070d1b49a0741f2f,b43cf6f34d41cfd82528add4169c48a1cae161f1cf12eb0835823b7395303358,capture2:B7:N32,accepted_with_user_allowance,295.07421875,CMSIS=381.078125;delta=-86.00390625;allowance=2;strict_parity=True;pair/T9 pass,AC6 6.24,-O3 -ffast-math -fno-lto -mexecute-only,runs/fir-r10/final-capture-2/report.json
fir-tiny4-gpr-window-v1,97194ca32110e32955f37bdc070d1b49a0741f2f,b43cf6f34d41cfd82528add4169c48a1cae161f1cf12eb0835823b7395303358,capture2:B7:N33,accepted_with_user_allowance,341.42578125,CMSIS=433.078125;delta=-91.65234375;allowance=2;strict_parity=True;pair/T9 pass,AC6 6.24,-O3 -ffast-math -fno-lto -mexecute-only,runs/fir-r10/final-capture-2/report.json
fir-tiny4-gpr-window-v1,97194ca32110e32955f37bdc070d1b49a0741f2f,b43cf6f34d41cfd82528add4169c48a1cae161f1cf12eb0835823b7395303358,capture2:B7:N64,accepted_with_user_allowance,500.2265625,CMSIS=709.1328125;delta=-208.90625;allowance=2;strict_parity=True;pair/T9 pass,AC6 6.24,-O3 -ffast-math -fno-lto -mexecute-only,runs/fir-r10/final-capture-2/report.json
fir-tiny4-gpr-window-v1,97194ca32110e32955f37bdc070d1b49a0741f2f,b43cf6f34d41cfd82528add4169c48a1cae161f1cf12eb0835823b7395303358,capture2:B7:N128,accepted_with_user_allowance,852.828125,CMSIS=1365.2421875;delta=-512.4140625;allowance=2;strict_parity=True;pair/T9 pass,AC6 6.24,-O3 -ffast-math -fno-lto -mexecute-only,runs/fir-r10/final-capture-2/report.json
fir-tiny4-gpr-window-v1,97194ca32110e32955f37bdc070d1b49a0741f2f,b43cf6f34d41cfd82528add4169c48a1cae161f1cf12eb0835823b7395303358,capture2:B8:N1,accepted_with_user_allowance,38.02978515625,CMSIS=74.0302734375;delta=-36.00048828125;allowance=2;strict_parity=True;pair/T9 pass,AC6 6.24,-O3 -ffast-math -fno-lto -mexecute-only,runs/fir-r10/final-capture-2/report.json
fir-tiny4-gpr-window-v1,97194ca32110e32955f37bdc070d1b49a0741f2f,b43cf6f34d41cfd82528add4169c48a1cae161f1cf12eb0835823b7395303358,capture2:B8:N2,accepted_with_user_allowance,53.0361328125,CMSIS=74.037109375;delta=-21.0009765625;allowance=2;strict_parity=True;pair/T9 pass,AC6 6.24,-O3 -ffast-math -fno-lto -mexecute-only,runs/fir-r10/final-capture-2/report.json
fir-tiny4-gpr-window-v1,97194ca32110e32955f37bdc070d1b49a0741f2f,b43cf6f34d41cfd82528add4169c48a1cae161f1cf12eb0835823b7395303358,capture2:B8:N3,accepted_with_user_allowance,55.0361328125,CMSIS=72.037109375;delta=-17.0009765625;allowance=2;strict_parity=True;pair/T9 pass,AC6 6.24,-O3 -ffast-math -fno-lto -mexecute-only,runs/fir-r10/final-capture-2/report.json
fir-tiny4-gpr-window-v1,97194ca32110e32955f37bdc070d1b49a0741f2f,b43cf6f34d41cfd82528add4169c48a1cae161f1cf12eb0835823b7395303358,capture2:B8:N4,accepted_with_user_allowance,64.0361328125,CMSIS=74.037109375;delta=-10.0009765625;allowance=2;strict_parity=True;pair/T9 pass,AC6 6.24,-O3 -ffast-math -fno-lto -mexecute-only,runs/fir-r10/final-capture-2/report.json
fir-tiny4-gpr-window-v1,97194ca32110e32955f37bdc070d1b49a0741f2f,b43cf6f34d41cfd82528add4169c48a1cae161f1cf12eb0835823b7395303358,capture2:B8:N5,accepted_with_user_allowance,93.0361328125,CMSIS=110.037109375;delta=-17.0009765625;allowance=2;strict_parity=True;pair/T9 pass,AC6 6.24,-O3 -ffast-math -fno-lto -mexecute-only,runs/fir-r10/final-capture-2/report.json
fir-tiny4-gpr-window-v1,97194ca32110e32955f37bdc070d1b49a0741f2f,b43cf6f34d41cfd82528add4169c48a1cae161f1cf12eb0835823b7395303358,capture2:B8:N6,accepted_with_user_allowance,105.048828125,CMSIS=117.05078125;delta=-12.001953125;allowance=2;strict_parity=True;pair/T9 pass,AC6 6.24,-O3 -ffast-math -fno-lto -mexecute-only,runs/fir-r10/final-capture-2/report.json
fir-tiny4-gpr-window-v1,97194ca32110e32955f37bdc070d1b49a0741f2f,b43cf6f34d41cfd82528add4169c48a1cae161f1cf12eb0835823b7395303358,capture2:B8:N7,accepted_with_user_allowance,103.048828125,CMSIS=117.05078125;delta=-14.001953125;allowance=2;strict_parity=True;pair/T9 pass,AC6 6.24,-O3 -ffast-math -fno-lto -mexecute-only,runs/fir-r10/final-capture-2/report.json
fir-tiny4-gpr-window-v1,97194ca32110e32955f37bdc070d1b49a0741f2f,b43cf6f34d41cfd82528add4169c48a1cae161f1cf12eb0835823b7395303358,capture2:B8:N8,accepted_with_user_allowance,109.048828125,CMSIS=117.05078125;delta=-8.001953125;allowance=2;strict_parity=True;pair/T9 pass,AC6 6.24,-O3 -ffast-math -fno-lto -mexecute-only,runs/fir-r10/final-capture-2/report.json
fir-tiny4-gpr-window-v1,97194ca32110e32955f37bdc070d1b49a0741f2f,b43cf6f34d41cfd82528add4169c48a1cae161f1cf12eb0835823b7395303358,capture2:B8:N9,accepted_with_user_allowance,123.048828125,CMSIS=185.05078125;delta=-62.001953125;allowance=2;strict_parity=True;pair/T9 pass,AC6 6.24,-O3 -ffast-math -fno-lto -mexecute-only,runs/fir-r10/final-capture-2/report.json
fir-tiny4-gpr-window-v1,97194ca32110e32955f37bdc070d1b49a0741f2f,b43cf6f34d41cfd82528add4169c48a1cae161f1cf12eb0835823b7395303358,capture2:B8:N15,accepted_with_user_allowance,168.048828125,CMSIS=212.05078125;delta=-44.001953125;allowance=2;strict_parity=True;pair/T9 pass,AC6 6.24,-O3 -ffast-math -fno-lto -mexecute-only,runs/fir-r10/final-capture-2/report.json
fir-tiny4-gpr-window-v1,97194ca32110e32955f37bdc070d1b49a0741f2f,b43cf6f34d41cfd82528add4169c48a1cae161f1cf12eb0835823b7395303358,capture2:B8:N16,accepted_with_user_allowance,178.048828125,CMSIS=212.05078125;delta=-34.001953125;allowance=2;strict_parity=True;pair/T9 pass,AC6 6.24,-O3 -ffast-math -fno-lto -mexecute-only,runs/fir-r10/final-capture-2/report.json
fir-tiny4-gpr-window-v1,97194ca32110e32955f37bdc070d1b49a0741f2f,b43cf6f34d41cfd82528add4169c48a1cae161f1cf12eb0835823b7395303358,capture2:B8:N17,accepted_with_user_allowance,181.048828125,CMSIS=273.05078125;delta=-92.001953125;allowance=2;strict_parity=True;pair/T9 pass,AC6 6.24,-O3 -ffast-math -fno-lto -mexecute-only,runs/fir-r10/final-capture-2/report.json
fir-tiny4-gpr-window-v1,97194ca32110e32955f37bdc070d1b49a0741f2f,b43cf6f34d41cfd82528add4169c48a1cae161f1cf12eb0835823b7395303358,capture2:B8:N31,accepted_with_user_allowance,284.07421875,CMSIS=383.078125;delta=-99.00390625;allowance=2;strict_parity=True;pair/T9 pass,AC6 6.24,-O3 -ffast-math -fno-lto -mexecute-only,runs/fir-r10/final-capture-2/report.json
fir-tiny4-gpr-window-v1,97194ca32110e32955f37bdc070d1b49a0741f2f,b43cf6f34d41cfd82528add4169c48a1cae161f1cf12eb0835823b7395303358,capture2:B8:N32,accepted_with_user_allowance,291.07421875,CMSIS=383.078125;delta=-92.00390625;allowance=2;strict_parity=True;pair/T9 pass,AC6 6.24,-O3 -ffast-math -fno-lto -mexecute-only,runs/fir-r10/final-capture-2/report.json
fir-tiny4-gpr-window-v1,97194ca32110e32955f37bdc070d1b49a0741f2f,b43cf6f34d41cfd82528add4169c48a1cae161f1cf12eb0835823b7395303358,capture2:B8:N33,accepted_with_user_allowance,348.19921875,CMSIS=437.078125;delta=-88.87890625;allowance=2;strict_parity=True;pair/T9 pass,AC6 6.24,-O3 -ffast-math -fno-lto -mexecute-only,runs/fir-r10/final-capture-2/report.json
fir-tiny4-gpr-window-v1,97194ca32110e32955f37bdc070d1b49a0741f2f,b43cf6f34d41cfd82528add4169c48a1cae161f1cf12eb0835823b7395303358,capture2:B8:N64,accepted_with_user_allowance,539.75,CMSIS=711.1328125;delta=-171.3828125;allowance=2;strict_parity=True;pair/T9 pass,AC6 6.24,-O3 -ffast-math -fno-lto -mexecute-only,runs/fir-r10/final-capture-2/report.json
fir-tiny4-gpr-window-v1,97194ca32110e32955f37bdc070d1b49a0741f2f,b43cf6f34d41cfd82528add4169c48a1cae161f1cf12eb0835823b7395303358,capture2:B8:N128,accepted_with_user_allowance,925.8515625,CMSIS=1367.2421875;delta=-441.390625;allowance=2;strict_parity=True;pair/T9 pass,AC6 6.24,-O3 -ffast-math -fno-lto -mexecute-only,runs/fir-r10/final-capture-2/report.json
fir-tiny4-gpr-window-v1,97194ca32110e32955f37bdc070d1b49a0741f2f,b43cf6f34d41cfd82528add4169c48a1cae161f1cf12eb0835823b7395303358,capture2:B15:N1,accepted_with_user_allowance,48.02978515625,CMSIS=104.0302734375;delta=-56.00048828125;allowance=2;strict_parity=True;pair/T9 pass,AC6 6.24,-O3 -ffast-math -fno-lto -mexecute-only,runs/fir-r10/final-capture-2/report.json
fir-tiny4-gpr-window-v1,97194ca32110e32955f37bdc070d1b49a0741f2f,b43cf6f34d41cfd82528add4169c48a1cae161f1cf12eb0835823b7395303358,capture2:B15:N2,accepted_with_user_allowance,75.0361328125,CMSIS=104.037109375;delta=-29.0009765625;allowance=2;strict_parity=True;pair/T9 pass,AC6 6.24,-O3 -ffast-math -fno-lto -mexecute-only,runs/fir-r10/final-capture-2/report.json
fir-tiny4-gpr-window-v1,97194ca32110e32955f37bdc070d1b49a0741f2f,b43cf6f34d41cfd82528add4169c48a1cae161f1cf12eb0835823b7395303358,capture2:B15:N3,accepted_with_user_allowance,82.0361328125,CMSIS=100.037109375;delta=-18.0009765625;allowance=2;strict_parity=True;pair/T9 pass,AC6 6.24,-O3 -ffast-math -fno-lto -mexecute-only,runs/fir-r10/final-capture-2/report.json
fir-tiny4-gpr-window-v1,97194ca32110e32955f37bdc070d1b49a0741f2f,b43cf6f34d41cfd82528add4169c48a1cae161f1cf12eb0835823b7395303358,capture2:B15:N4,accepted_with_user_allowance,93.0361328125,CMSIS=104.037109375;delta=-11.0009765625;allowance=2;strict_parity=True;pair/T9 pass,AC6 6.24,-O3 -ffast-math -fno-lto -mexecute-only,runs/fir-r10/final-capture-2/report.json
fir-tiny4-gpr-window-v1,97194ca32110e32955f37bdc070d1b49a0741f2f,b43cf6f34d41cfd82528add4169c48a1cae161f1cf12eb0835823b7395303358,capture2:B15:N5,accepted_with_user_allowance,100.048828125,CMSIS=156.05078125;delta=-56.001953125;allowance=2;strict_parity=True;pair/T9 pass,AC6 6.24,-O3 -ffast-math -fno-lto -mexecute-only,runs/fir-r10/final-capture-2/report.json
fir-tiny4-gpr-window-v1,97194ca32110e32955f37bdc070d1b49a0741f2f,b43cf6f34d41cfd82528add4169c48a1cae161f1cf12eb0835823b7395303358,capture2:B15:N6,accepted_with_user_allowance,118.048828125,CMSIS=163.05078125;delta=-45.001953125;allowance=2;strict_parity=True;pair/T9 pass,AC6 6.24,-O3 -ffast-math -fno-lto -mexecute-only,runs/fir-r10/final-capture-2/report.json
fir-tiny4-gpr-window-v1,97194ca32110e32955f37bdc070d1b49a0741f2f,b43cf6f34d41cfd82528add4169c48a1cae161f1cf12eb0835823b7395303358,capture2:B15:N7,accepted_with_user_allowance,125.048828125,CMSIS=163.05078125;delta=-38.001953125;allowance=2;strict_parity=True;pair/T9 pass,AC6 6.24,-O3 -ffast-math -fno-lto -mexecute-only,runs/fir-r10/final-capture-2/report.json
fir-tiny4-gpr-window-v1,97194ca32110e32955f37bdc070d1b49a0741f2f,b43cf6f34d41cfd82528add4169c48a1cae161f1cf12eb0835823b7395303358,capture2:B15:N8,accepted_with_user_allowance,147.048828125,CMSIS=161.05078125;delta=-14.001953125;allowance=2;strict_parity=True;pair/T9 pass,AC6 6.24,-O3 -ffast-math -fno-lto -mexecute-only,runs/fir-r10/final-capture-2/report.json
fir-tiny4-gpr-window-v1,97194ca32110e32955f37bdc070d1b49a0741f2f,b43cf6f34d41cfd82528add4169c48a1cae161f1cf12eb0835823b7395303358,capture2:B15:N9,accepted_with_user_allowance,203.07421875,CMSIS=257.078125;delta=-54.00390625;allowance=2;strict_parity=True;pair/T9 pass,AC6 6.24,-O3 -ffast-math -fno-lto -mexecute-only,runs/fir-r10/final-capture-2/report.json
fir-tiny4-gpr-window-v1,97194ca32110e32955f37bdc070d1b49a0741f2f,b43cf6f34d41cfd82528add4169c48a1cae161f1cf12eb0835823b7395303358,capture2:B15:N15,accepted_with_user_allowance,268.07421875,CMSIS=302.078125;delta=-34.00390625;allowance=2;strict_parity=True;pair/T9 pass,AC6 6.24,-O3 -ffast-math -fno-lto -mexecute-only,runs/fir-r10/final-capture-2/report.json
fir-tiny4-gpr-window-v1,97194ca32110e32955f37bdc070d1b49a0741f2f,b43cf6f34d41cfd82528add4169c48a1cae161f1cf12eb0835823b7395303358,capture2:B15:N16,accepted_with_user_allowance,286.07421875,CMSIS=300.078125;delta=-14.00390625;allowance=2;strict_parity=True;pair/T9 pass,AC6 6.24,-O3 -ffast-math -fno-lto -mexecute-only,runs/fir-r10/final-capture-2/report.json
fir-tiny4-gpr-window-v1,97194ca32110e32955f37bdc070d1b49a0741f2f,b43cf6f34d41cfd82528add4169c48a1cae161f1cf12eb0835823b7395303358,capture2:B15:N17,accepted_with_user_allowance,293.07421875,CMSIS=387.078125;delta=-94.00390625;allowance=2;strict_parity=True;pair/T9 pass,AC6 6.24,-O3 -ffast-math -fno-lto -mexecute-only,runs/fir-r10/final-capture-2/report.json
fir-tiny4-gpr-window-v1,97194ca32110e32955f37bdc070d1b49a0741f2f,b43cf6f34d41cfd82528add4169c48a1cae161f1cf12eb0835823b7395303358,capture2:B15:N31,accepted_with_user_allowance,448.125,CMSIS=557.1328125;delta=-109.0078125;allowance=2;strict_parity=True;pair/T9 pass,AC6 6.24,-O3 -ffast-math -fno-lto -mexecute-only,runs/fir-r10/final-capture-2/report.json
fir-tiny4-gpr-window-v1,97194ca32110e32955f37bdc070d1b49a0741f2f,b43cf6f34d41cfd82528add4169c48a1cae161f1cf12eb0835823b7395303358,capture2:B15:N32,accepted_with_user_allowance,463.125,CMSIS=555.1328125;delta=-92.0078125;allowance=2;strict_parity=True;pair/T9 pass,AC6 6.24,-O3 -ffast-math -fno-lto -mexecute-only,runs/fir-r10/final-capture-2/report.json
fir-tiny4-gpr-window-v1,97194ca32110e32955f37bdc070d1b49a0741f2f,b43cf6f34d41cfd82528add4169c48a1cae161f1cf12eb0835823b7395303358,capture2:B15:N33,accepted_with_user_allowance,536.125,CMSIS=635.1328125;delta=-99.0078125;allowance=2;strict_parity=True;pair/T9 pass,AC6 6.24,-O3 -ffast-math -fno-lto -mexecute-only,runs/fir-r10/final-capture-2/report.json
fir-tiny4-gpr-window-v1,97194ca32110e32955f37bdc070d1b49a0741f2f,b43cf6f34d41cfd82528add4169c48a1cae161f1cf12eb0835823b7395303358,capture2:B15:N64,accepted_with_user_allowance,885.2265625,CMSIS=1051.2421875;delta=-166.015625;allowance=2;strict_parity=True;pair/T9 pass,AC6 6.24,-O3 -ffast-math -fno-lto -mexecute-only,runs/fir-r10/final-capture-2/report.json
fir-tiny4-gpr-window-v1,97194ca32110e32955f37bdc070d1b49a0741f2f,b43cf6f34d41cfd82528add4169c48a1cae161f1cf12eb0835823b7395303358,capture2:B15:N128,accepted_with_user_allowance,1596.2265625,CMSIS=2043.2421875;delta=-447.015625;allowance=2;strict_parity=True;pair/T9 pass,AC6 6.24,-O3 -ffast-math -fno-lto -mexecute-only,runs/fir-r10/final-capture-2/report.json
fir-tiny4-gpr-window-v1,97194ca32110e32955f37bdc070d1b49a0741f2f,b43cf6f34d41cfd82528add4169c48a1cae161f1cf12eb0835823b7395303358,capture2:B16:N1,accepted_with_user_allowance,48.02978515625,CMSIS=106.0302734375;delta=-58.00048828125;allowance=2;strict_parity=True;pair/T9 pass,AC6 6.24,-O3 -ffast-math -fno-lto -mexecute-only,runs/fir-r10/final-capture-2/report.json
fir-tiny4-gpr-window-v1,97194ca32110e32955f37bdc070d1b49a0741f2f,b43cf6f34d41cfd82528add4169c48a1cae161f1cf12eb0835823b7395303358,capture2:B16:N2,accepted_with_user_allowance,67.0361328125,CMSIS=106.037109375;delta=-39.0009765625;allowance=2;strict_parity=True;pair/T9 pass,AC6 6.24,-O3 -ffast-math -fno-lto -mexecute-only,runs/fir-r10/final-capture-2/report.json
fir-tiny4-gpr-window-v1,97194ca32110e32955f37bdc070d1b49a0741f2f,b43cf6f34d41cfd82528add4169c48a1cae161f1cf12eb0835823b7395303358,capture2:B16:N3,accepted_with_user_allowance,73.0361328125,CMSIS=102.037109375;delta=-29.0009765625;allowance=2;strict_parity=True;pair/T9 pass,AC6 6.24,-O3 -ffast-math -fno-lto -mexecute-only,runs/fir-r10/final-capture-2/report.json
fir-tiny4-gpr-window-v1,97194ca32110e32955f37bdc070d1b49a0741f2f,b43cf6f34d41cfd82528add4169c48a1cae161f1cf12eb0835823b7395303358,capture2:B16:N4,accepted_with_user_allowance,86.0361328125,CMSIS=106.037109375;delta=-20.0009765625;allowance=2;strict_parity=True;pair/T9 pass,AC6 6.24,-O3 -ffast-math -fno-lto -mexecute-only,runs/fir-r10/final-capture-2/report.json
fir-tiny4-gpr-window-v1,97194ca32110e32955f37bdc070d1b49a0741f2f,b43cf6f34d41cfd82528add4169c48a1cae161f1cf12eb0835823b7395303358,capture2:B16:N5,accepted_with_user_allowance,100.048828125,CMSIS=154.05078125;delta=-54.001953125;allowance=2;strict_parity=True;pair/T9 pass,AC6 6.24,-O3 -ffast-math -fno-lto -mexecute-only,runs/fir-r10/final-capture-2/report.json
fir-tiny4-gpr-window-v1,97194ca32110e32955f37bdc070d1b49a0741f2f,b43cf6f34d41cfd82528add4169c48a1cae161f1cf12eb0835823b7395303358,capture2:B16:N6,accepted_with_user_allowance,118.048828125,CMSIS=161.05078125;delta=-43.001953125;allowance=2;strict_parity=True;pair/T9 pass,AC6 6.24,-O3 -ffast-math -fno-lto -mexecute-only,runs/fir-r10/final-capture-2/report.json
fir-tiny4-gpr-window-v1,97194ca32110e32955f37bdc070d1b49a0741f2f,b43cf6f34d41cfd82528add4169c48a1cae161f1cf12eb0835823b7395303358,capture2:B16:N7,accepted_with_user_allowance,125.048828125,CMSIS=159.05078125;delta=-34.001953125;allowance=2;strict_parity=True;pair/T9 pass,AC6 6.24,-O3 -ffast-math -fno-lto -mexecute-only,runs/fir-r10/final-capture-2/report.json
fir-tiny4-gpr-window-v1,97194ca32110e32955f37bdc070d1b49a0741f2f,b43cf6f34d41cfd82528add4169c48a1cae161f1cf12eb0835823b7395303358,capture2:B16:N8,accepted_with_user_allowance,147.048828125,CMSIS=161.05078125;delta=-14.001953125;allowance=2;strict_parity=True;pair/T9 pass,AC6 6.24,-O3 -ffast-math -fno-lto -mexecute-only,runs/fir-r10/final-capture-2/report.json
fir-tiny4-gpr-window-v1,97194ca32110e32955f37bdc070d1b49a0741f2f,b43cf6f34d41cfd82528add4169c48a1cae161f1cf12eb0835823b7395303358,capture2:B16:N9,accepted_with_user_allowance,200.07421875,CMSIS=259.078125;delta=-59.00390625;allowance=2;strict_parity=True;pair/T9 pass,AC6 6.24,-O3 -ffast-math -fno-lto -mexecute-only,runs/fir-r10/final-capture-2/report.json
fir-tiny4-gpr-window-v1,97194ca32110e32955f37bdc070d1b49a0741f2f,b43cf6f34d41cfd82528add4169c48a1cae161f1cf12eb0835823b7395303358,capture2:B16:N15,accepted_with_user_allowance,265.07421875,CMSIS=300.078125;delta=-35.00390625;allowance=2;strict_parity=True;pair/T9 pass,AC6 6.24,-O3 -ffast-math -fno-lto -mexecute-only,runs/fir-r10/final-capture-2/report.json
fir-tiny4-gpr-window-v1,97194ca32110e32955f37bdc070d1b49a0741f2f,b43cf6f34d41cfd82528add4169c48a1cae161f1cf12eb0835823b7395303358,capture2:B16:N16,accepted_with_user_allowance,283.07421875,CMSIS=302.078125;delta=-19.00390625;allowance=2;strict_parity=True;pair/T9 pass,AC6 6.24,-O3 -ffast-math -fno-lto -mexecute-only,runs/fir-r10/final-capture-2/report.json
fir-tiny4-gpr-window-v1,97194ca32110e32955f37bdc070d1b49a0741f2f,b43cf6f34d41cfd82528add4169c48a1cae161f1cf12eb0835823b7395303358,capture2:B16:N17,accepted_with_user_allowance,290.07421875,CMSIS=389.078125;delta=-99.00390625;allowance=2;strict_parity=True;pair/T9 pass,AC6 6.24,-O3 -ffast-math -fno-lto -mexecute-only,runs/fir-r10/final-capture-2/report.json
fir-tiny4-gpr-window-v1,97194ca32110e32955f37bdc070d1b49a0741f2f,b43cf6f34d41cfd82528add4169c48a1cae161f1cf12eb0835823b7395303358,capture2:B16:N31,accepted_with_user_allowance,445.125,CMSIS=555.1328125;delta=-110.0078125;allowance=2;strict_parity=True;pair/T9 pass,AC6 6.24,-O3 -ffast-math -fno-lto -mexecute-only,runs/fir-r10/final-capture-2/report.json
fir-tiny4-gpr-window-v1,97194ca32110e32955f37bdc070d1b49a0741f2f,b43cf6f34d41cfd82528add4169c48a1cae161f1cf12eb0835823b7395303358,capture2:B16:N32,accepted_with_user_allowance,460.125,CMSIS=557.1328125;delta=-97.0078125;allowance=2;strict_parity=True;pair/T9 pass,AC6 6.24,-O3 -ffast-math -fno-lto -mexecute-only,runs/fir-r10/final-capture-2/report.json
fir-tiny4-gpr-window-v1,97194ca32110e32955f37bdc070d1b49a0741f2f,b43cf6f34d41cfd82528add4169c48a1cae161f1cf12eb0835823b7395303358,capture2:B16:N33,accepted_with_user_allowance,503.375,CMSIS=637.1328125;delta=-133.7578125;allowance=2;strict_parity=True;pair/T9 pass,AC6 6.24,-O3 -ffast-math -fno-lto -mexecute-only,runs/fir-r10/final-capture-2/report.json
fir-tiny4-gpr-window-v1,97194ca32110e32955f37bdc070d1b49a0741f2f,b43cf6f34d41cfd82528add4169c48a1cae161f1cf12eb0835823b7395303358,capture2:B16:N64,accepted_with_user_allowance,821.4765625,CMSIS=1053.2421875;delta=-231.765625;allowance=2;strict_parity=True;pair/T9 pass,AC6 6.24,-O3 -ffast-math -fno-lto -mexecute-only,runs/fir-r10/final-capture-2/report.json
fir-tiny4-gpr-window-v1,97194ca32110e32955f37bdc070d1b49a0741f2f,b43cf6f34d41cfd82528add4169c48a1cae161f1cf12eb0835823b7395303358,capture2:B16:N128,accepted_with_user_allowance,1468.4765625,CMSIS=2045.2421875;delta=-576.765625;allowance=2;strict_parity=True;pair/T9 pass,AC6 6.24,-O3 -ffast-math -fno-lto -mexecute-only,runs/fir-r10/final-capture-2/report.json
fir-tiny4-gpr-window-v1,97194ca32110e32955f37bdc070d1b49a0741f2f,b43cf6f34d41cfd82528add4169c48a1cae161f1cf12eb0835823b7395303358,capture2:B17:N1,accepted_with_user_allowance,53.0361328125,CMSIS=120.037109375;delta=-67.0009765625;allowance=2;strict_parity=True;pair/T9 pass,AC6 6.24,-O3 -ffast-math -fno-lto -mexecute-only,runs/fir-r10/final-capture-2/report.json
fir-tiny4-gpr-window-v1,97194ca32110e32955f37bdc070d1b49a0741f2f,b43cf6f34d41cfd82528add4169c48a1cae161f1cf12eb0835823b7395303358,capture2:B17:N2,accepted_with_user_allowance,70.0361328125,CMSIS=120.037109375;delta=-50.0009765625;allowance=2;strict_parity=True;pair/T9 pass,AC6 6.24,-O3 -ffast-math -fno-lto -mexecute-only,runs/fir-r10/final-capture-2/report.json
fir-tiny4-gpr-window-v1,97194ca32110e32955f37bdc070d1b49a0741f2f,b43cf6f34d41cfd82528add4169c48a1cae161f1cf12eb0835823b7395303358,capture2:B17:N3,accepted_with_user_allowance,85.0361328125,CMSIS=115.037109375;delta=-30.0009765625;allowance=2;strict_parity=True;pair/T9 pass,AC6 6.24,-O3 -ffast-math -fno-lto -mexecute-only,runs/fir-r10/final-capture-2/report.json
fir-tiny4-gpr-window-v1,97194ca32110e32955f37bdc070d1b49a0741f2f,b43cf6f34d41cfd82528add4169c48a1cae161f1cf12eb0835823b7395303358,capture2:B17:N4,accepted_with_user_allowance,106.048828125,CMSIS=120.05078125;delta=-14.001953125;allowance=2;strict_parity=True;pair/T9 pass,AC6 6.24,-O3 -ffast-math -fno-lto -mexecute-only,runs/fir-r10/final-capture-2/report.json
fir-tiny4-gpr-window-v1,97194ca32110e32955f37bdc070d1b49a0741f2f,b43cf6f34d41cfd82528add4169c48a1cae161f1cf12eb0835823b7395303358,capture2:B17:N5,accepted_with_user_allowance,113.048828125,CMSIS=176.05078125;delta=-63.001953125;allowance=2;strict_parity=True;pair/T9 pass,AC6 6.24,-O3 -ffast-math -fno-lto -mexecute-only,runs/fir-r10/final-capture-2/report.json
fir-tiny4-gpr-window-v1,97194ca32110e32955f37bdc070d1b49a0741f2f,b43cf6f34d41cfd82528add4169c48a1cae161f1cf12eb0835823b7395303358,capture2:B17:N6,accepted_with_user_allowance,133.048828125,CMSIS=180.05078125;delta=-47.001953125;allowance=2;strict_parity=True;pair/T9 pass,AC6 6.24,-O3 -ffast-math -fno-lto -mexecute-only,runs/fir-r10/final-capture-2/report.json
fir-tiny4-gpr-window-v1,97194ca32110e32955f37bdc070d1b49a0741f2f,b43cf6f34d41cfd82528add4169c48a1cae161f1cf12eb0835823b7395303358,capture2:B17:N7,accepted_with_user_allowance,141.048828125,CMSIS=183.05078125;delta=-42.001953125;allowance=2;strict_parity=True;pair/T9 pass,AC6 6.24,-O3 -ffast-math -fno-lto -mexecute-only,runs/fir-r10/final-capture-2/report.json
fir-tiny4-gpr-window-v1,97194ca32110e32955f37bdc070d1b49a0741f2f,b43cf6f34d41cfd82528add4169c48a1cae161f1cf12eb0835823b7395303358,capture2:B17:N8,accepted_with_user_allowance,166.048828125,CMSIS=183.05078125;delta=-17.001953125;allowance=2;strict_parity=True;pair/T9 pass,AC6 6.24,-O3 -ffast-math -fno-lto -mexecute-only,runs/fir-r10/final-capture-2/report.json
fir-tiny4-gpr-window-v1,97194ca32110e32955f37bdc070d1b49a0741f2f,b43cf6f34d41cfd82528add4169c48a1cae161f1cf12eb0835823b7395303358,capture2:B17:N9,accepted_with_user_allowance,236.07421875,CMSIS=293.078125;delta=-57.00390625;allowance=2;strict_parity=True;pair/T9 pass,AC6 6.24,-O3 -ffast-math -fno-lto -mexecute-only,runs/fir-r10/final-capture-2/report.json
fir-tiny4-gpr-window-v1,97194ca32110e32955f37bdc070d1b49a0741f2f,b43cf6f34d41cfd82528add4169c48a1cae161f1cf12eb0835823b7395303358,capture2:B17:N15,accepted_with_user_allowance,304.07421875,CMSIS=346.078125;delta=-42.00390625;allowance=2;strict_parity=True;pair/T9 pass,AC6 6.24,-O3 -ffast-math -fno-lto -mexecute-only,runs/fir-r10/final-capture-2/report.json
fir-tiny4-gpr-window-v1,97194ca32110e32955f37bdc070d1b49a0741f2f,b43cf6f34d41cfd82528add4169c48a1cae161f1cf12eb0835823b7395303358,capture2:B17:N16,accepted_with_user_allowance,335.07421875,CMSIS=346.078125;delta=-11.00390625;allowance=2;strict_parity=True;pair/T9 pass,AC6 6.24,-O3 -ffast-math -fno-lto -mexecute-only,runs/fir-r10/final-capture-2/report.json
fir-tiny4-gpr-window-v1,97194ca32110e32955f37bdc070d1b49a0741f2f,b43cf6f34d41cfd82528add4169c48a1cae161f1cf12eb0835823b7395303358,capture2:B17:N17,accepted_with_user_allowance,334.07421875,CMSIS=444.078125;delta=-110.00390625;allowance=2;strict_parity=True;pair/T9 pass,AC6 6.24,-O3 -ffast-math -fno-lto -mexecute-only,runs/fir-r10/final-capture-2/report.json
fir-tiny4-gpr-window-v1,97194ca32110e32955f37bdc070d1b49a0741f2f,b43cf6f34d41cfd82528add4169c48a1cae161f1cf12eb0835823b7395303358,capture2:B17:N31,accepted_with_user_allowance,500.125,CMSIS=643.1328125;delta=-143.0078125;allowance=2;strict_parity=True;pair/T9 pass,AC6 6.24,-O3 -ffast-math -fno-lto -mexecute-only,runs/fir-r10/final-capture-2/report.json
fir-tiny4-gpr-window-v1,97194ca32110e32955f37bdc070d1b49a0741f2f,b43cf6f34d41cfd82528add4169c48a1cae161f1cf12eb0835823b7395303358,capture2:B17:N32,accepted_with_user_allowance,516.125,CMSIS=643.1328125;delta=-127.0078125;allowance=2;strict_parity=True;pair/T9 pass,AC6 6.24,-O3 -ffast-math -fno-lto -mexecute-only,runs/fir-r10/final-capture-2/report.json
fir-tiny4-gpr-window-v1,97194ca32110e32955f37bdc070d1b49a0741f2f,b43cf6f34d41cfd82528add4169c48a1cae161f1cf12eb0835823b7395303358,capture2:B17:N33,accepted_with_user_allowance,690.4453125,CMSIS=734.1328125;delta=-43.6875;allowance=2;strict_parity=True;pair/T9 pass,AC6 6.24,-O3 -ffast-math -fno-lto -mexecute-only,runs/fir-r10/final-capture-2/report.json
fir-tiny4-gpr-window-v1,97194ca32110e32955f37bdc070d1b49a0741f2f,b43cf6f34d41cfd82528add4169c48a1cae161f1cf12eb0835823b7395303358,capture2:B17:N64,accepted_with_user_allowance,1164.9921875,CMSIS=1223.2421875;delta=-58.25;allowance=2;strict_parity=True;pair/T9 pass,AC6 6.24,-O3 -ffast-math -fno-lto -mexecute-only,runs/fir-r10/final-capture-2/report.json
fir-tiny4-gpr-window-v1,97194ca32110e32955f37bdc070d1b49a0741f2f,b43cf6f34d41cfd82528add4169c48a1cae161f1cf12eb0835823b7395303358,capture2:B17:N128,accepted_with_user_allowance,2133.2421875,CMSIS=2383.2421875;delta=-250.0;allowance=2;strict_parity=True;pair/T9 pass,AC6 6.24,-O3 -ffast-math -fno-lto -mexecute-only,runs/fir-r10/final-capture-2/report.json
fir-tiny4-gpr-window-v1,97194ca32110e32955f37bdc070d1b49a0741f2f,b43cf6f34d41cfd82528add4169c48a1cae161f1cf12eb0835823b7395303358,capture2:B31:N1,accepted_with_user_allowance,68.0361328125,CMSIS=168.037109375;delta=-100.0009765625;allowance=2;strict_parity=True;pair/T9 pass,AC6 6.24,-O3 -ffast-math -fno-lto -mexecute-only,runs/fir-r10/final-capture-2/report.json
fir-tiny4-gpr-window-v1,97194ca32110e32955f37bdc070d1b49a0741f2f,b43cf6f34d41cfd82528add4169c48a1cae161f1cf12eb0835823b7395303358,capture2:B31:N2,accepted_with_user_allowance,103.048828125,CMSIS=168.05078125;delta=-65.001953125;allowance=2;strict_parity=True;pair/T9 pass,AC6 6.24,-O3 -ffast-math -fno-lto -mexecute-only,runs/fir-r10/final-capture-2/report.json
fir-tiny4-gpr-window-v1,97194ca32110e32955f37bdc070d1b49a0741f2f,b43cf6f34d41cfd82528add4169c48a1cae161f1cf12eb0835823b7395303358,capture2:B31:N3,accepted_with_user_allowance,118.048828125,CMSIS=160.05078125;delta=-42.001953125;allowance=2;strict_parity=True;pair/T9 pass,AC6 6.24,-O3 -ffast-math -fno-lto -mexecute-only,runs/fir-r10/final-capture-2/report.json
fir-tiny4-gpr-window-v1,97194ca32110e32955f37bdc070d1b49a0741f2f,b43cf6f34d41cfd82528add4169c48a1cae161f1cf12eb0835823b7395303358,capture2:B31:N4,accepted_with_user_allowance,137.048828125,CMSIS=168.05078125;delta=-31.001953125;allowance=2;strict_parity=True;pair/T9 pass,AC6 6.24,-O3 -ffast-math -fno-lto -mexecute-only,runs/fir-r10/final-capture-2/report.json
fir-tiny4-gpr-window-v1,97194ca32110e32955f37bdc070d1b49a0741f2f,b43cf6f34d41cfd82528add4169c48a1cae161f1cf12eb0835823b7395303358,capture2:B31:N5,accepted_with_user_allowance,152.048828125,CMSIS=244.05078125;delta=-92.001953125;allowance=2;strict_parity=True;pair/T9 pass,AC6 6.24,-O3 -ffast-math -fno-lto -mexecute-only,runs/fir-r10/final-capture-2/report.json
fir-tiny4-gpr-window-v1,97194ca32110e32955f37bdc070d1b49a0741f2f,b43cf6f34d41cfd82528add4169c48a1cae161f1cf12eb0835823b7395303358,capture2:B31:N6,accepted_with_user_allowance,178.048828125,CMSIS=251.05078125;delta=-73.001953125;allowance=2;strict_parity=True;pair/T9 pass,AC6 6.24,-O3 -ffast-math -fno-lto -mexecute-only,runs/fir-r10/final-capture-2/report.json
fir-tiny4-gpr-window-v1,97194ca32110e32955f37bdc070d1b49a0741f2f,b43cf6f34d41cfd82528add4169c48a1cae161f1cf12eb0835823b7395303358,capture2:B31:N7,accepted_with_user_allowance,189.048828125,CMSIS=251.05078125;delta=-62.001953125;allowance=2;strict_parity=True;pair/T9 pass,AC6 6.24,-O3 -ffast-math -fno-lto -mexecute-only,runs/fir-r10/final-capture-2/report.json
fir-tiny4-gpr-window-v1,97194ca32110e32955f37bdc070d1b49a0741f2f,b43cf6f34d41cfd82528add4169c48a1cae161f1cf12eb0835823b7395303358,capture2:B31:N8,accepted_with_user_allowance,223.07421875,CMSIS=245.078125;delta=-22.00390625;allowance=2;strict_parity=True;pair/T9 pass,AC6 6.24,-O3 -ffast-math -fno-lto -mexecute-only,runs/fir-r10/final-capture-2/report.json
fir-tiny4-gpr-window-v1,97194ca32110e32955f37bdc070d1b49a0741f2f,b43cf6f34d41cfd82528add4169c48a1cae161f1cf12eb0835823b7395303358,capture2:B31:N9,accepted_with_user_allowance,332.07421875,CMSIS=405.078125;delta=-73.00390625;allowance=2;strict_parity=True;pair/T9 pass,AC6 6.24,-O3 -ffast-math -fno-lto -mexecute-only,runs/fir-r10/final-capture-2/report.json
fir-tiny4-gpr-window-v1,97194ca32110e32955f37bdc070d1b49a0741f2f,b43cf6f34d41cfd82528add4169c48a1cae161f1cf12eb0835823b7395303358,capture2:B31:N15,accepted_with_user_allowance,450.125,CMSIS=482.1328125;delta=-32.0078125;allowance=2;strict_parity=True;pair/T9 pass,AC6 6.24,-O3 -ffast-math -fno-lto -mexecute-only,runs/fir-r10/final-capture-2/report.json
fir-tiny4-gpr-window-v1,97194ca32110e32955f37bdc070d1b49a0741f2f,b43cf6f34d41cfd82528add4169c48a1cae161f1cf12eb0835823b7395303358,capture2:B31:N16,accepted_with_user_allowance,451.125,CMSIS=476.1328125;delta=-25.0078125;allowance=2;strict_parity=True;pair/T9 pass,AC6 6.24,-O3 -ffast-math -fno-lto -mexecute-only,runs/fir-r10/final-capture-2/report.json
fir-tiny4-gpr-window-v1,97194ca32110e32955f37bdc070d1b49a0741f2f,b43cf6f34d41cfd82528add4169c48a1cae161f1cf12eb0835823b7395303358,capture2:B31:N17,accepted_with_user_allowance,502.125,CMSIS=619.1328125;delta=-117.0078125;allowance=2;strict_parity=True;pair/T9 pass,AC6 6.24,-O3 -ffast-math -fno-lto -mexecute-only,runs/fir-r10/final-capture-2/report.json
fir-tiny4-gpr-window-v1,97194ca32110e32955f37bdc070d1b49a0741f2f,b43cf6f34d41cfd82528add4169c48a1cae161f1cf12eb0835823b7395303358,capture2:B31:N31,accepted_with_user_allowance,790.2265625,CMSIS=905.2421875;delta=-115.015625;allowance=2;strict_parity=True;pair/T9 pass,AC6 6.24,-O3 -ffast-math -fno-lto -mexecute-only,runs/fir-r10/final-capture-2/report.json
fir-tiny4-gpr-window-v1,97194ca32110e32955f37bdc070d1b49a0741f2f,b43cf6f34d41cfd82528add4169c48a1cae161f1cf12eb0835823b7395303358,capture2:B31:N32,accepted_with_user_allowance,822.2265625,CMSIS=899.2421875;delta=-77.015625;allowance=2;strict_parity=True;pair/T9 pass,AC6 6.24,-O3 -ffast-math -fno-lto -mexecute-only,runs/fir-r10/final-capture-2/report.json
fir-tiny4-gpr-window-v1,97194ca32110e32955f37bdc070d1b49a0741f2f,b43cf6f34d41cfd82528add4169c48a1cae161f1cf12eb0835823b7395303358,capture2:B31:N33,accepted_with_user_allowance,911.7265625,CMSIS=1035.2421875;delta=-123.515625;allowance=2;strict_parity=True;pair/T9 pass,AC6 6.24,-O3 -ffast-math -fno-lto -mexecute-only,runs/fir-r10/final-capture-2/report.json
fir-tiny4-gpr-window-v1,97194ca32110e32955f37bdc070d1b49a0741f2f,b43cf6f34d41cfd82528add4169c48a1cae161f1cf12eb0835823b7395303358,capture2:B31:N64,accepted_with_user_allowance,1575.7265625,CMSIS=1731.2421875;delta=-155.515625;allowance=2;strict_parity=True;pair/T9 pass,AC6 6.24,-O3 -ffast-math -fno-lto -mexecute-only,runs/fir-r10/final-capture-2/report.json
fir-tiny4-gpr-window-v1,97194ca32110e32955f37bdc070d1b49a0741f2f,b43cf6f34d41cfd82528add4169c48a1cae161f1cf12eb0835823b7395303358,capture2:B31:N128,accepted_with_user_allowance,2936.7265625,CMSIS=3395.2421875;delta=-458.515625;allowance=2;strict_parity=True;pair/T9 pass,AC6 6.24,-O3 -ffast-math -fno-lto -mexecute-only,runs/fir-r10/final-capture-2/report.json
fir-tiny4-gpr-window-v1,97194ca32110e32955f37bdc070d1b49a0741f2f,b43cf6f34d41cfd82528add4169c48a1cae161f1cf12eb0835823b7395303358,capture2:B32:N1,accepted_with_user_allowance,68.0361328125,CMSIS=170.037109375;delta=-102.0009765625;allowance=2;strict_parity=True;pair/T9 pass,AC6 6.24,-O3 -ffast-math -fno-lto -mexecute-only,runs/fir-r10/final-capture-2/report.json
fir-tiny4-gpr-window-v1,97194ca32110e32955f37bdc070d1b49a0741f2f,b43cf6f34d41cfd82528add4169c48a1cae161f1cf12eb0835823b7395303358,capture2:B32:N2,accepted_with_user_allowance,95.0361328125,CMSIS=170.037109375;delta=-75.0009765625;allowance=2;strict_parity=True;pair/T9 pass,AC6 6.24,-O3 -ffast-math -fno-lto -mexecute-only,runs/fir-r10/final-capture-2/report.json
fir-tiny4-gpr-window-v1,97194ca32110e32955f37bdc070d1b49a0741f2f,b43cf6f34d41cfd82528add4169c48a1cae161f1cf12eb0835823b7395303358,capture2:B32:N3,accepted_with_user_allowance,109.048828125,CMSIS=162.05078125;delta=-53.001953125;allowance=2;strict_parity=True;pair/T9 pass,AC6 6.24,-O3 -ffast-math -fno-lto -mexecute-only,runs/fir-r10/final-capture-2/report.json
fir-tiny4-gpr-window-v1,97194ca32110e32955f37bdc070d1b49a0741f2f,b43cf6f34d41cfd82528add4169c48a1cae161f1cf12eb0835823b7395303358,capture2:B32:N4,accepted_with_user_allowance,130.048828125,CMSIS=170.05078125;delta=-40.001953125;allowance=2;strict_parity=True;pair/T9 pass,AC6 6.24,-O3 -ffast-math -fno-lto -mexecute-only,runs/fir-r10/final-capture-2/report.json
fir-tiny4-gpr-window-v1,97194ca32110e32955f37bdc070d1b49a0741f2f,b43cf6f34d41cfd82528add4169c48a1cae161f1cf12eb0835823b7395303358,capture2:B32:N5,accepted_with_user_allowance,152.048828125,CMSIS=242.05078125;delta=-90.001953125;allowance=2;strict_parity=True;pair/T9 pass,AC6 6.24,-O3 -ffast-math -fno-lto -mexecute-only,runs/fir-r10/final-capture-2/report.json
fir-tiny4-gpr-window-v1,97194ca32110e32955f37bdc070d1b49a0741f2f,b43cf6f34d41cfd82528add4169c48a1cae161f1cf12eb0835823b7395303358,capture2:B32:N6,accepted_with_user_allowance,178.048828125,CMSIS=249.05078125;delta=-71.001953125;allowance=2;strict_parity=True;pair/T9 pass,AC6 6.24,-O3 -ffast-math -fno-lto -mexecute-only,runs/fir-r10/final-capture-2/report.json
fir-tiny4-gpr-window-v1,97194ca32110e32955f37bdc070d1b49a0741f2f,b43cf6f34d41cfd82528add4169c48a1cae161f1cf12eb0835823b7395303358,capture2:B32:N7,accepted_with_user_allowance,189.048828125,CMSIS=243.05078125;delta=-54.001953125;allowance=2;strict_parity=True;pair/T9 pass,AC6 6.24,-O3 -ffast-math -fno-lto -mexecute-only,runs/fir-r10/final-capture-2/report.json
fir-tiny4-gpr-window-v1,97194ca32110e32955f37bdc070d1b49a0741f2f,b43cf6f34d41cfd82528add4169c48a1cae161f1cf12eb0835823b7395303358,capture2:B32:N8,accepted_with_user_allowance,223.07421875,CMSIS=249.078125;delta=-26.00390625;allowance=2;strict_parity=True;pair/T9 pass,AC6 6.24,-O3 -ffast-math -fno-lto -mexecute-only,runs/fir-r10/final-capture-2/report.json
fir-tiny4-gpr-window-v1,97194ca32110e32955f37bdc070d1b49a0741f2f,b43cf6f34d41cfd82528add4169c48a1cae161f1cf12eb0835823b7395303358,capture2:B32:N9,accepted_with_user_allowance,328.07421875,CMSIS=407.078125;delta=-79.00390625;allowance=2;strict_parity=True;pair/T9 pass,AC6 6.24,-O3 -ffast-math -fno-lto -mexecute-only,runs/fir-r10/final-capture-2/report.json
fir-tiny4-gpr-window-v1,97194ca32110e32955f37bdc070d1b49a0741f2f,b43cf6f34d41cfd82528add4169c48a1cae161f1cf12eb0835823b7395303358,capture2:B32:N15,accepted_with_user_allowance,446.125,CMSIS=476.1328125;delta=-30.0078125;allowance=2;strict_parity=True;pair/T9 pass,AC6 6.24,-O3 -ffast-math -fno-lto -mexecute-only,runs/fir-r10/final-capture-2/report.json
fir-tiny4-gpr-window-v1,97194ca32110e32955f37bdc070d1b49a0741f2f,b43cf6f34d41cfd82528add4169c48a1cae161f1cf12eb0835823b7395303358,capture2:B32:N16,accepted_with_user_allowance,452.125,CMSIS=482.1328125;delta=-30.0078125;allowance=2;strict_parity=True;pair/T9 pass,AC6 6.24,-O3 -ffast-math -fno-lto -mexecute-only,runs/fir-r10/final-capture-2/report.json
fir-tiny4-gpr-window-v1,97194ca32110e32955f37bdc070d1b49a0741f2f,b43cf6f34d41cfd82528add4169c48a1cae161f1cf12eb0835823b7395303358,capture2:B32:N17,accepted_with_user_allowance,498.125,CMSIS=621.1328125;delta=-123.0078125;allowance=2;strict_parity=True;pair/T9 pass,AC6 6.24,-O3 -ffast-math -fno-lto -mexecute-only,runs/fir-r10/final-capture-2/report.json
fir-tiny4-gpr-window-v1,97194ca32110e32955f37bdc070d1b49a0741f2f,b43cf6f34d41cfd82528add4169c48a1cae161f1cf12eb0835823b7395303358,capture2:B32:N31,accepted_with_user_allowance,786.2265625,CMSIS=899.2421875;delta=-113.015625;allowance=2;strict_parity=True;pair/T9 pass,AC6 6.24,-O3 -ffast-math -fno-lto -mexecute-only,runs/fir-r10/final-capture-2/report.json
fir-tiny4-gpr-window-v1,97194ca32110e32955f37bdc070d1b49a0741f2f,b43cf6f34d41cfd82528add4169c48a1cae161f1cf12eb0835823b7395303358,capture2:B32:N32,accepted_with_user_allowance,818.2265625,CMSIS=905.2421875;delta=-87.015625;allowance=2;strict_parity=True;pair/T9 pass,AC6 6.24,-O3 -ffast-math -fno-lto -mexecute-only,runs/fir-r10/final-capture-2/report.json
fir-tiny4-gpr-window-v1,97194ca32110e32955f37bdc070d1b49a0741f2f,b43cf6f34d41cfd82528add4169c48a1cae161f1cf12eb0835823b7395303358,capture2:B32:N33,accepted_with_user_allowance,878.7265625,CMSIS=1037.2421875;delta=-158.515625;allowance=2;strict_parity=True;pair/T9 pass,AC6 6.24,-O3 -ffast-math -fno-lto -mexecute-only,runs/fir-r10/final-capture-2/report.json
fir-tiny4-gpr-window-v1,97194ca32110e32955f37bdc070d1b49a0741f2f,b43cf6f34d41cfd82528add4169c48a1cae161f1cf12eb0835823b7395303358,capture2:B32:N64,accepted_with_user_allowance,1511.7265625,CMSIS=1737.2421875;delta=-225.515625;allowance=2;strict_parity=True;pair/T9 pass,AC6 6.24,-O3 -ffast-math -fno-lto -mexecute-only,runs/fir-r10/final-capture-2/report.json
fir-tiny4-gpr-window-v1,97194ca32110e32955f37bdc070d1b49a0741f2f,b43cf6f34d41cfd82528add4169c48a1cae161f1cf12eb0835823b7395303358,capture2:B32:N128,accepted_with_user_allowance,2808.7265625,CMSIS=3401.2421875;delta=-592.515625;allowance=2;strict_parity=True;pair/T9 pass,AC6 6.24,-O3 -ffast-math -fno-lto -mexecute-only,runs/fir-r10/final-capture-2/report.json
fir-tiny4-gpr-window-v1,97194ca32110e32955f37bdc070d1b49a0741f2f,b43cf6f34d41cfd82528add4169c48a1cae161f1cf12eb0835823b7395303358,capture2:B63:N1,accepted_with_user_allowance,108.048828125,CMSIS=296.05078125;delta=-188.001953125;allowance=2;strict_parity=True;pair/T9 pass,AC6 6.24,-O3 -ffast-math -fno-lto -mexecute-only,runs/fir-r10/final-capture-2/report.json
fir-tiny4-gpr-window-v1,97194ca32110e32955f37bdc070d1b49a0741f2f,b43cf6f34d41cfd82528add4169c48a1cae161f1cf12eb0835823b7395303358,capture2:B63:N2,accepted_with_user_allowance,159.048828125,CMSIS=296.05078125;delta=-137.001953125;allowance=2;strict_parity=True;pair/T9 pass,AC6 6.24,-O3 -ffast-math -fno-lto -mexecute-only,runs/fir-r10/final-capture-2/report.json
fir-tiny4-gpr-window-v1,97194ca32110e32955f37bdc070d1b49a0741f2f,b43cf6f34d41cfd82528add4169c48a1cae161f1cf12eb0835823b7395303358,capture2:B63:N3,accepted_with_user_allowance,190.048828125,CMSIS=280.05078125;delta=-90.001953125;allowance=2;strict_parity=True;pair/T9 pass,AC6 6.24,-O3 -ffast-math -fno-lto -mexecute-only,runs/fir-r10/final-capture-2/report.json
fir-tiny4-gpr-window-v1,97194ca32110e32955f37bdc070d1b49a0741f2f,b43cf6f34d41cfd82528add4169c48a1cae161f1cf12eb0835823b7395303358,capture2:B63:N4,accepted_with_user_allowance,225.07421875,CMSIS=296.078125;delta=-71.00390625;allowance=2;strict_parity=True;pair/T9 pass,AC6 6.24,-O3 -ffast-math -fno-lto -mexecute-only,runs/fir-r10/final-capture-2/report.json
fir-tiny4-gpr-window-v1,97194ca32110e32955f37bdc070d1b49a0741f2f,b43cf6f34d41cfd82528add4169c48a1cae161f1cf12eb0835823b7395303358,capture2:B63:N5,accepted_with_user_allowance,256.07421875,CMSIS=420.078125;delta=-164.00390625;allowance=2;strict_parity=True;pair/T9 pass,AC6 6.24,-O3 -ffast-math -fno-lto -mexecute-only,runs/fir-r10/final-capture-2/report.json
fir-tiny4-gpr-window-v1,97194ca32110e32955f37bdc070d1b49a0741f2f,b43cf6f34d41cfd82528add4169c48a1cae161f1cf12eb0835823b7395303358,capture2:B63:N6,accepted_with_user_allowance,298.07421875,CMSIS=427.078125;delta=-129.00390625;allowance=2;strict_parity=True;pair/T9 pass,AC6 6.24,-O3 -ffast-math -fno-lto -mexecute-only,runs/fir-r10/final-capture-2/report.json
fir-tiny4-gpr-window-v1,97194ca32110e32955f37bdc070d1b49a0741f2f,b43cf6f34d41cfd82528add4169c48a1cae161f1cf12eb0835823b7395303358,capture2:B63:N7,accepted_with_user_allowance,317.07421875,CMSIS=427.078125;delta=-110.00390625;allowance=2;strict_parity=True;pair/T9 pass,AC6 6.24,-O3 -ffast-math -fno-lto -mexecute-only,runs/fir-r10/final-capture-2/report.json
fir-tiny4-gpr-window-v1,97194ca32110e32955f37bdc070d1b49a0741f2f,b43cf6f34d41cfd82528add4169c48a1cae161f1cf12eb0835823b7395303358,capture2:B63:N8,accepted_with_user_allowance,375.07421875,CMSIS=413.078125;delta=-38.00390625;allowance=2;strict_parity=True;pair/T9 pass,AC6 6.24,-O3 -ffast-math -fno-lto -mexecute-only,runs/fir-r10/final-capture-2/report.json
fir-tiny4-gpr-window-v1,97194ca32110e32955f37bdc070d1b49a0741f2f,b43cf6f34d41cfd82528add4169c48a1cae161f1cf12eb0835823b7395303358,capture2:B63:N9,accepted_with_user_allowance,555.125,CMSIS=701.1328125;delta=-146.0078125;allowance=2;strict_parity=True;pair/T9 pass,AC6 6.24,-O3 -ffast-math -fno-lto -mexecute-only,runs/fir-r10/final-capture-2/report.json
fir-tiny4-gpr-window-v1,97194ca32110e32955f37bdc070d1b49a0741f2f,b43cf6f34d41cfd82528add4169c48a1cae161f1cf12eb0835823b7395303358,capture2:B63:N15,accepted_with_user_allowance,800.2265625,CMSIS=842.2421875;delta=-42.015625;allowance=2;strict_parity=True;pair/T9 pass,AC6 6.24,-O3 -ffast-math -fno-lto -mexecute-only,runs/fir-r10/final-capture-2/report.json
fir-tiny4-gpr-window-v1,97194ca32110e32955f37bdc070d1b49a0741f2f,b43cf6f34d41cfd82528add4169c48a1cae161f1cf12eb0835823b7395303358,capture2:B63:N16,accepted_with_user_allowance,806.2265625,CMSIS=828.2421875;delta=-22.015625;allowance=2;strict_parity=True;pair/T9 pass,AC6 6.24,-O3 -ffast-math -fno-lto -mexecute-only,runs/fir-r10/final-capture-2/report.json
fir-tiny4-gpr-window-v1,97194ca32110e32955f37bdc070d1b49a0741f2f,b43cf6f34d41cfd82528add4169c48a1cae161f1cf12eb0835823b7395303358,capture2:B63:N17,accepted_with_user_allowance,885.2265625,CMSIS=1083.2421875;delta=-198.015625;allowance=2;strict_parity=True;pair/T9 pass,AC6 6.24,-O3 -ffast-math -fno-lto -mexecute-only,runs/fir-r10/final-capture-2/report.json
fir-tiny4-gpr-window-v1,97194ca32110e32955f37bdc070d1b49a0741f2f,b43cf6f34d41cfd82528add4169c48a1cae161f1cf12eb0835823b7395303358,capture2:B63:N31,accepted_with_user_allowance,1470.2265625,CMSIS=1601.2421875;delta=-131.015625;allowance=2;strict_parity=True;pair/T9 pass,AC6 6.24,-O3 -ffast-math -fno-lto -mexecute-only,runs/fir-r10/final-capture-2/report.json
fir-tiny4-gpr-window-v1,97194ca32110e32955f37bdc070d1b49a0741f2f,b43cf6f34d41cfd82528add4169c48a1cae161f1cf12eb0835823b7395303358,capture2:B63:N32,accepted_with_user_allowance,1522.2265625,CMSIS=1587.2421875;delta=-65.015625;allowance=2;strict_parity=True;pair/T9 pass,AC6 6.24,-O3 -ffast-math -fno-lto -mexecute-only,runs/fir-r10/final-capture-2/report.json
fir-tiny4-gpr-window-v1,97194ca32110e32955f37bdc070d1b49a0741f2f,b43cf6f34d41cfd82528add4169c48a1cae161f1cf12eb0835823b7395303358,capture2:B63:N33,accepted_with_user_allowance,1665.2265625,CMSIS=1835.2421875;delta=-170.015625;allowance=2;strict_parity=True;pair/T9 pass,AC6 6.24,-O3 -ffast-math -fno-lto -mexecute-only,runs/fir-r10/final-capture-2/report.json
fir-tiny4-gpr-window-v1,97194ca32110e32955f37bdc070d1b49a0741f2f,b43cf6f34d41cfd82528add4169c48a1cae161f1cf12eb0835823b7395303358,capture2:B63:N64,accepted_with_user_allowance,2946.2265625,CMSIS=3091.2421875;delta=-145.015625;allowance=2;strict_parity=True;pair/T9 pass,AC6 6.24,-O3 -ffast-math -fno-lto -mexecute-only,runs/fir-r10/final-capture-2/report.json
fir-tiny4-gpr-window-v1,97194ca32110e32955f37bdc070d1b49a0741f2f,b43cf6f34d41cfd82528add4169c48a1cae161f1cf12eb0835823b7395303358,capture2:B63:N128,accepted_with_user_allowance,5607.2265625,CMSIS=6099.2421875;delta=-492.015625;allowance=2;strict_parity=True;pair/T9 pass,AC6 6.24,-O3 -ffast-math -fno-lto -mexecute-only,runs/fir-r10/final-capture-2/report.json
fir-tiny4-gpr-window-v1,97194ca32110e32955f37bdc070d1b49a0741f2f,b43cf6f34d41cfd82528add4169c48a1cae161f1cf12eb0835823b7395303358,capture2:B64:N1,accepted_with_user_allowance,108.048828125,CMSIS=298.05078125;delta=-190.001953125;allowance=2;strict_parity=True;pair/T9 pass,AC6 6.24,-O3 -ffast-math -fno-lto -mexecute-only,runs/fir-r10/final-capture-2/report.json
fir-tiny4-gpr-window-v1,97194ca32110e32955f37bdc070d1b49a0741f2f,b43cf6f34d41cfd82528add4169c48a1cae161f1cf12eb0835823b7395303358,capture2:B64:N2,accepted_with_user_allowance,151.048828125,CMSIS=298.05078125;delta=-147.001953125;allowance=2;strict_parity=True;pair/T9 pass,AC6 6.24,-O3 -ffast-math -fno-lto -mexecute-only,runs/fir-r10/final-capture-2/report.json
fir-tiny4-gpr-window-v1,97194ca32110e32955f37bdc070d1b49a0741f2f,b43cf6f34d41cfd82528add4169c48a1cae161f1cf12eb0835823b7395303358,capture2:B64:N3,accepted_with_user_allowance,181.048828125,CMSIS=282.05078125;delta=-101.001953125;allowance=2;strict_parity=True;pair/T9 pass,AC6 6.24,-O3 -ffast-math -fno-lto -mexecute-only,runs/fir-r10/final-capture-2/report.json
fir-tiny4-gpr-window-v1,97194ca32110e32955f37bdc070d1b49a0741f2f,b43cf6f34d41cfd82528add4169c48a1cae161f1cf12eb0835823b7395303358,capture2:B64:N4,accepted_with_user_allowance,218.07421875,CMSIS=298.078125;delta=-80.00390625;allowance=2;strict_parity=True;pair/T9 pass,AC6 6.24,-O3 -ffast-math -fno-lto -mexecute-only,runs/fir-r10/final-capture-2/report.json
fir-tiny4-gpr-window-v1,97194ca32110e32955f37bdc070d1b49a0741f2f,b43cf6f34d41cfd82528add4169c48a1cae161f1cf12eb0835823b7395303358,capture2:B64:N5,accepted_with_user_allowance,256.07421875,CMSIS=418.078125;delta=-162.00390625;allowance=2;strict_parity=True;pair/T9 pass,AC6 6.24,-O3 -ffast-math -fno-lto -mexecute-only,runs/fir-r10/final-capture-2/report.json
fir-tiny4-gpr-window-v1,97194ca32110e32955f37bdc070d1b49a0741f2f,b43cf6f34d41cfd82528add4169c48a1cae161f1cf12eb0835823b7395303358,capture2:B64:N6,accepted_with_user_allowance,298.07421875,CMSIS=425.078125;delta=-127.00390625;allowance=2;strict_parity=True;pair/T9 pass,AC6 6.24,-O3 -ffast-math -fno-lto -mexecute-only,runs/fir-r10/final-capture-2/report.json
fir-tiny4-gpr-window-v1,97194ca32110e32955f37bdc070d1b49a0741f2f,b43cf6f34d41cfd82528add4169c48a1cae161f1cf12eb0835823b7395303358,capture2:B64:N7,accepted_with_user_allowance,317.07421875,CMSIS=411.078125;delta=-94.00390625;allowance=2;strict_parity=True;pair/T9 pass,AC6 6.24,-O3 -ffast-math -fno-lto -mexecute-only,runs/fir-r10/final-capture-2/report.json
fir-tiny4-gpr-window-v1,97194ca32110e32955f37bdc070d1b49a0741f2f,b43cf6f34d41cfd82528add4169c48a1cae161f1cf12eb0835823b7395303358,capture2:B64:N8,accepted_with_user_allowance,375.07421875,CMSIS=425.078125;delta=-50.00390625;allowance=2;strict_parity=True;pair/T9 pass,AC6 6.24,-O3 -ffast-math -fno-lto -mexecute-only,runs/fir-r10/final-capture-2/report.json
fir-tiny4-gpr-window-v1,97194ca32110e32955f37bdc070d1b49a0741f2f,b43cf6f34d41cfd82528add4169c48a1cae161f1cf12eb0835823b7395303358,capture2:B64:N9,accepted_with_user_allowance,549.125,CMSIS=703.1328125;delta=-154.0078125;allowance=2;strict_parity=True;pair/T9 pass,AC6 6.24,-O3 -ffast-math -fno-lto -mexecute-only,runs/fir-r10/final-capture-2/report.json
fir-tiny4-gpr-window-v1,97194ca32110e32955f37bdc070d1b49a0741f2f,b43cf6f34d41cfd82528add4169c48a1cae161f1cf12eb0835823b7395303358,capture2:B64:N15,accepted_with_user_allowance,792.2265625,CMSIS=828.2421875;delta=-36.015625;allowance=2;strict_parity=True;pair/T9 pass,AC6 6.24,-O3 -ffast-math -fno-lto -mexecute-only,runs/fir-r10/final-capture-2/report.json
fir-tiny4-gpr-window-v1,97194ca32110e32955f37bdc070d1b49a0741f2f,b43cf6f34d41cfd82528add4169c48a1cae161f1cf12eb0835823b7395303358,capture2:B64:N16,accepted_with_user_allowance,806.2265625,CMSIS=842.2421875;delta=-36.015625;allowance=2;strict_parity=True;pair/T9 pass,AC6 6.24,-O3 -ffast-math -fno-lto -mexecute-only,runs/fir-r10/final-capture-2/report.json
fir-tiny4-gpr-window-v1,97194ca32110e32955f37bdc070d1b49a0741f2f,b43cf6f34d41cfd82528add4169c48a1cae161f1cf12eb0835823b7395303358,capture2:B64:N17,accepted_with_user_allowance,879.2265625,CMSIS=1085.2421875;delta=-206.015625;allowance=2;strict_parity=True;pair/T9 pass,AC6 6.24,-O3 -ffast-math -fno-lto -mexecute-only,runs/fir-r10/final-capture-2/report.json
fir-tiny4-gpr-window-v1,97194ca32110e32955f37bdc070d1b49a0741f2f,b43cf6f34d41cfd82528add4169c48a1cae161f1cf12eb0835823b7395303358,capture2:B64:N31,accepted_with_user_allowance,1458.2265625,CMSIS=1587.2421875;delta=-129.015625;allowance=2;strict_parity=True;pair/T9 pass,AC6 6.24,-O3 -ffast-math -fno-lto -mexecute-only,runs/fir-r10/final-capture-2/report.json
fir-tiny4-gpr-window-v1,97194ca32110e32955f37bdc070d1b49a0741f2f,b43cf6f34d41cfd82528add4169c48a1cae161f1cf12eb0835823b7395303358,capture2:B64:N32,accepted_with_user_allowance,1516.2265625,CMSIS=1601.2421875;delta=-85.015625;allowance=2;strict_parity=True;pair/T9 pass,AC6 6.24,-O3 -ffast-math -fno-lto -mexecute-only,runs/fir-r10/final-capture-2/report.json
fir-tiny4-gpr-window-v1,97194ca32110e32955f37bdc070d1b49a0741f2f,b43cf6f34d41cfd82528add4169c48a1cae161f1cf12eb0835823b7395303358,capture2:B64:N33,accepted_with_user_allowance,1629.2265625,CMSIS=1837.2421875;delta=-208.015625;allowance=2;strict_parity=True;pair/T9 pass,AC6 6.24,-O3 -ffast-math -fno-lto -mexecute-only,runs/fir-r10/final-capture-2/report.json
fir-tiny4-gpr-window-v1,97194ca32110e32955f37bdc070d1b49a0741f2f,b43cf6f34d41cfd82528add4169c48a1cae161f1cf12eb0835823b7395303358,capture2:B64:N64,accepted_with_user_allowance,2892.2265625,CMSIS=3105.2421875;delta=-213.015625;allowance=2;strict_parity=True;pair/T9 pass,AC6 6.24,-O3 -ffast-math -fno-lto -mexecute-only,runs/fir-r10/final-capture-2/report.json
fir-tiny4-gpr-window-v1,97194ca32110e32955f37bdc070d1b49a0741f2f,b43cf6f34d41cfd82528add4169c48a1cae161f1cf12eb0835823b7395303358,capture2:B64:N128,accepted_with_user_allowance,5489.2265625,CMSIS=6113.2421875;delta=-624.015625;allowance=2;strict_parity=True;pair/T9 pass,AC6 6.24,-O3 -ffast-math -fno-lto -mexecute-only,runs/fir-r10/final-capture-2/report.json
fir-tiny4-gpr-window-v1,97194ca32110e32955f37bdc070d1b49a0741f2f,b43cf6f34d41cfd82528add4169c48a1cae161f1cf12eb0835823b7395303358,capture2:B127:N1,accepted_with_user_allowance,188.048828125,CMSIS=552.05078125;delta=-364.001953125;allowance=2;strict_parity=True;pair/T9 pass,AC6 6.24,-O3 -ffast-math -fno-lto -mexecute-only,runs/fir-r10/final-capture-2/report.json
fir-tiny4-gpr-window-v1,97194ca32110e32955f37bdc070d1b49a0741f2f,b43cf6f34d41cfd82528add4169c48a1cae161f1cf12eb0835823b7395303358,capture2:B127:N2,accepted_with_user_allowance,271.07421875,CMSIS=552.078125;delta=-281.00390625;allowance=2;strict_parity=True;pair/T9 pass,AC6 6.24,-O3 -ffast-math -fno-lto -mexecute-only,runs/fir-r10/final-capture-2/report.json
fir-tiny4-gpr-window-v1,97194ca32110e32955f37bdc070d1b49a0741f2f,b43cf6f34d41cfd82528add4169c48a1cae161f1cf12eb0835823b7395303358,capture2:B127:N3,accepted_with_user_allowance,334.07421875,CMSIS=520.078125;delta=-186.00390625;allowance=2;strict_parity=True;pair/T9 pass,AC6 6.24,-O3 -ffast-math -fno-lto -mexecute-only,runs/fir-r10/final-capture-2/report.json
fir-tiny4-gpr-window-v1,97194ca32110e32955f37bdc070d1b49a0741f2f,b43cf6f34d41cfd82528add4169c48a1cae161f1cf12eb0835823b7395303358,capture2:B127:N4,accepted_with_user_allowance,401.125,CMSIS=552.1328125;delta=-151.0078125;allowance=2;strict_parity=True;pair/T9 pass,AC6 6.24,-O3 -ffast-math -fno-lto -mexecute-only,runs/fir-r10/final-capture-2/report.json
fir-tiny4-gpr-window-v1,97194ca32110e32955f37bdc070d1b49a0741f2f,b43cf6f34d41cfd82528add4169c48a1cae161f1cf12eb0835823b7395303358,capture2:B127:N5,accepted_with_user_allowance,464.125,CMSIS=772.1328125;delta=-308.0078125;allowance=2;strict_parity=True;pair/T9 pass,AC6 6.24,-O3 -ffast-math -fno-lto -mexecute-only,runs/fir-r10/final-capture-2/report.json
fir-tiny4-gpr-window-v1,97194ca32110e32955f37bdc070d1b49a0741f2f,b43cf6f34d41cfd82528add4169c48a1cae161f1cf12eb0835823b7395303358,capture2:B127:N6,accepted_with_user_allowance,538.125,CMSIS=779.1328125;delta=-241.0078125;allowance=2;strict_parity=True;pair/T9 pass,AC6 6.24,-O3 -ffast-math -fno-lto -mexecute-only,runs/fir-r10/final-capture-2/report.json
fir-tiny4-gpr-window-v1,97194ca32110e32955f37bdc070d1b49a0741f2f,b43cf6f34d41cfd82528add4169c48a1cae161f1cf12eb0835823b7395303358,capture2:B127:N7,accepted_with_user_allowance,573.125,CMSIS=779.1328125;delta=-206.0078125;allowance=2;strict_parity=True;pair/T9 pass,AC6 6.24,-O3 -ffast-math -fno-lto -mexecute-only,runs/fir-r10/final-capture-2/report.json
fir-tiny4-gpr-window-v1,97194ca32110e32955f37bdc070d1b49a0741f2f,b43cf6f34d41cfd82528add4169c48a1cae161f1cf12eb0835823b7395303358,capture2:B127:N8,accepted_with_user_allowance,679.125,CMSIS=749.1328125;delta=-70.0078125;allowance=2;strict_parity=True;pair/T9 pass,AC6 6.24,-O3 -ffast-math -fno-lto -mexecute-only,runs/fir-r10/final-capture-2/report.json
fir-tiny4-gpr-window-v1,97194ca32110e32955f37bdc070d1b49a0741f2f,b43cf6f34d41cfd82528add4169c48a1cae161f1cf12eb0835823b7395303358,capture2:B127:N9,accepted_with_user_allowance,987.2265625,CMSIS=1293.2421875;delta=-306.015625;allowance=2;strict_parity=True;pair/T9 pass,AC6 6.24,-O3 -ffast-math -fno-lto -mexecute-only,runs/fir-r10/final-capture-2/report.json
fir-tiny4-gpr-window-v1,97194ca32110e32955f37bdc070d1b49a0741f2f,b43cf6f34d41cfd82528add4169c48a1cae161f1cf12eb0835823b7395303358,capture2:B127:N15,accepted_with_user_allowance,1472.2265625,CMSIS=1562.2421875;delta=-90.015625;allowance=2;strict_parity=True;pair/T9 pass,AC6 6.24,-O3 -ffast-math -fno-lto -mexecute-only,runs/fir-r10/final-capture-2/report.json
fir-tiny4-gpr-window-v1,97194ca32110e32955f37bdc070d1b49a0741f2f,b43cf6f34d41cfd82528add4169c48a1cae161f1cf12eb0835823b7395303358,capture2:B127:N16,accepted_with_user_allowance,1514.2265625,CMSIS=1532.2421875;delta=-18.015625;allowance=2;strict_parity=True;pair/T9 pass,AC6 6.24,-O3 -ffast-math -fno-lto -mexecute-only,runs/fir-r10/final-capture-2/report.json
fir-tiny4-gpr-window-v1,97194ca32110e32955f37bdc070d1b49a0741f2f,b43cf6f34d41cfd82528add4169c48a1cae161f1cf12eb0835823b7395303358,capture2:B127:N17,accepted_with_user_allowance,1637.2265625,CMSIS=2011.2421875;delta=-374.015625;allowance=2;strict_parity=True;pair/T9 pass,AC6 6.24,-O3 -ffast-math -fno-lto -mexecute-only,runs/fir-r10/final-capture-2/report.json
fir-tiny4-gpr-window-v1,97194ca32110e32955f37bdc070d1b49a0741f2f,b43cf6f34d41cfd82528add4169c48a1cae161f1cf12eb0835823b7395303358,capture2:B127:N31,accepted_with_user_allowance,2782.2265625,CMSIS=2993.2421875;delta=-211.015625;allowance=2;strict_parity=True;pair/T9 pass,AC6 6.24,-O3 -ffast-math -fno-lto -mexecute-only,runs/fir-r10/final-capture-2/report.json
fir-tiny4-gpr-window-v1,97194ca32110e32955f37bdc070d1b49a0741f2f,b43cf6f34d41cfd82528add4169c48a1cae161f1cf12eb0835823b7395303358,capture2:B127:N32,accepted_with_user_allowance,2874.2265625,CMSIS=2963.2421875;delta=-89.015625;allowance=2;strict_parity=True;pair/T9 pass,AC6 6.24,-O3 -ffast-math -fno-lto -mexecute-only,runs/fir-r10/final-capture-2/report.json
fir-tiny4-gpr-window-v1,97194ca32110e32955f37bdc070d1b49a0741f2f,b43cf6f34d41cfd82528add4169c48a1cae161f1cf12eb0835823b7395303358,capture2:B127:N33,accepted_with_user_allowance,3166.2265625,CMSIS=3435.2421875;delta=-269.015625;allowance=2;strict_parity=True;pair/T9 pass,AC6 6.24,-O3 -ffast-math -fno-lto -mexecute-only,runs/fir-r10/final-capture-2/report.json
fir-tiny4-gpr-window-v1,97194ca32110e32955f37bdc070d1b49a0741f2f,b43cf6f34d41cfd82528add4169c48a1cae161f1cf12eb0835823b7395303358,capture2:B127:N64,accepted_with_user_allowance,5720.2265625,CMSIS=5811.2421875;delta=-91.015625;allowance=2;strict_parity=True;pair/T9 pass,AC6 6.24,-O3 -ffast-math -fno-lto -mexecute-only,runs/fir-r10/final-capture-2/report.json
fir-tiny4-gpr-window-v1,97194ca32110e32955f37bdc070d1b49a0741f2f,b43cf6f34d41cfd82528add4169c48a1cae161f1cf12eb0835823b7395303358,capture2:B127:N128,accepted_with_user_allowance,10981.2265625,CMSIS=11507.2421875;delta=-526.015625;allowance=2;strict_parity=True;pair/T9 pass,AC6 6.24,-O3 -ffast-math -fno-lto -mexecute-only,runs/fir-r10/final-capture-2/report.json
fir-tiny4-gpr-window-v1,97194ca32110e32955f37bdc070d1b49a0741f2f,b43cf6f34d41cfd82528add4169c48a1cae161f1cf12eb0835823b7395303358,capture2:B128:N1,accepted_with_user_allowance,188.048828125,CMSIS=554.05078125;delta=-366.001953125;allowance=2;strict_parity=True;pair/T9 pass,AC6 6.24,-O3 -ffast-math -fno-lto -mexecute-only,runs/fir-r10/final-capture-2/report.json
fir-tiny4-gpr-window-v1,97194ca32110e32955f37bdc070d1b49a0741f2f,b43cf6f34d41cfd82528add4169c48a1cae161f1cf12eb0835823b7395303358,capture2:B128:N2,accepted_with_user_allowance,263.07421875,CMSIS=554.078125;delta=-291.00390625;allowance=2;strict_parity=True;pair/T9 pass,AC6 6.24,-O3 -ffast-math -fno-lto -mexecute-only,runs/fir-r10/final-capture-2/report.json
fir-tiny4-gpr-window-v1,97194ca32110e32955f37bdc070d1b49a0741f2f,b43cf6f34d41cfd82528add4169c48a1cae161f1cf12eb0835823b7395303358,capture2:B128:N3,accepted_with_user_allowance,325.07421875,CMSIS=522.078125;delta=-197.00390625;allowance=2;strict_parity=True;pair/T9 pass,AC6 6.24,-O3 -ffast-math -fno-lto -mexecute-only,runs/fir-r10/final-capture-2/report.json
fir-tiny4-gpr-window-v1,97194ca32110e32955f37bdc070d1b49a0741f2f,b43cf6f34d41cfd82528add4169c48a1cae161f1cf12eb0835823b7395303358,capture2:B128:N4,accepted_with_user_allowance,394.125,CMSIS=554.1328125;delta=-160.0078125;allowance=2;strict_parity=True;pair/T9 pass,AC6 6.24,-O3 -ffast-math -fno-lto -mexecute-only,runs/fir-r10/final-capture-2/report.json
fir-tiny4-gpr-window-v1,97194ca32110e32955f37bdc070d1b49a0741f2f,b43cf6f34d41cfd82528add4169c48a1cae161f1cf12eb0835823b7395303358,capture2:B128:N5,accepted_with_user_allowance,464.125,CMSIS=770.1328125;delta=-306.0078125;allowance=2;strict_parity=True;pair/T9 pass,AC6 6.24,-O3 -ffast-math -fno-lto -mexecute-only,runs/fir-r10/final-capture-2/report.json
fir-tiny4-gpr-window-v1,97194ca32110e32955f37bdc070d1b49a0741f2f,b43cf6f34d41cfd82528add4169c48a1cae161f1cf12eb0835823b7395303358,capture2:B128:N6,accepted_with_user_allowance,538.125,CMSIS=777.1328125;delta=-239.0078125;allowance=2;strict_parity=True;pair/T9 pass,AC6 6.24,-O3 -ffast-math -fno-lto -mexecute-only,runs/fir-r10/final-capture-2/report.json
fir-tiny4-gpr-window-v1,97194ca32110e32955f37bdc070d1b49a0741f2f,b43cf6f34d41cfd82528add4169c48a1cae161f1cf12eb0835823b7395303358,capture2:B128:N7,accepted_with_user_allowance,573.125,CMSIS=747.1328125;delta=-174.0078125;allowance=2;strict_parity=True;pair/T9 pass,AC6 6.24,-O3 -ffast-math -fno-lto -mexecute-only,runs/fir-r10/final-capture-2/report.json
fir-tiny4-gpr-window-v1,97194ca32110e32955f37bdc070d1b49a0741f2f,b43cf6f34d41cfd82528add4169c48a1cae161f1cf12eb0835823b7395303358,capture2:B128:N8,accepted_with_user_allowance,679.125,CMSIS=777.1328125;delta=-98.0078125;allowance=2;strict_parity=True;pair/T9 pass,AC6 6.24,-O3 -ffast-math -fno-lto -mexecute-only,runs/fir-r10/final-capture-2/report.json
fir-tiny4-gpr-window-v1,97194ca32110e32955f37bdc070d1b49a0741f2f,b43cf6f34d41cfd82528add4169c48a1cae161f1cf12eb0835823b7395303358,capture2:B128:N9,accepted_with_user_allowance,981.2265625,CMSIS=1295.2421875;delta=-314.015625;allowance=2;strict_parity=True;pair/T9 pass,AC6 6.24,-O3 -ffast-math -fno-lto -mexecute-only,runs/fir-r10/final-capture-2/report.json
fir-tiny4-gpr-window-v1,97194ca32110e32955f37bdc070d1b49a0741f2f,b43cf6f34d41cfd82528add4169c48a1cae161f1cf12eb0835823b7395303358,capture2:B128:N15,accepted_with_user_allowance,1464.2265625,CMSIS=1532.2421875;delta=-68.015625;allowance=2;strict_parity=True;pair/T9 pass,AC6 6.24,-O3 -ffast-math -fno-lto -mexecute-only,runs/fir-r10/final-capture-2/report.json
fir-tiny4-gpr-window-v1,97194ca32110e32955f37bdc070d1b49a0741f2f,b43cf6f34d41cfd82528add4169c48a1cae161f1cf12eb0835823b7395303358,capture2:B128:N16,accepted_with_user_allowance,1514.2265625,CMSIS=1562.2421875;delta=-48.015625;allowance=2;strict_parity=True;pair/T9 pass,AC6 6.24,-O3 -ffast-math -fno-lto -mexecute-only,runs/fir-r10/final-capture-2/report.json
fir-tiny4-gpr-window-v1,97194ca32110e32955f37bdc070d1b49a0741f2f,b43cf6f34d41cfd82528add4169c48a1cae161f1cf12eb0835823b7395303358,capture2:B128:N17,accepted_with_user_allowance,1631.2265625,CMSIS=2013.2421875;delta=-382.015625;allowance=2;strict_parity=True;pair/T9 pass,AC6 6.24,-O3 -ffast-math -fno-lto -mexecute-only,runs/fir-r10/final-capture-2/report.json
fir-tiny4-gpr-window-v1,97194ca32110e32955f37bdc070d1b49a0741f2f,b43cf6f34d41cfd82528add4169c48a1cae161f1cf12eb0835823b7395303358,capture2:B128:N31,accepted_with_user_allowance,2770.2265625,CMSIS=2963.2421875;delta=-193.015625;allowance=2;strict_parity=True;pair/T9 pass,AC6 6.24,-O3 -ffast-math -fno-lto -mexecute-only,runs/fir-r10/final-capture-2/report.json
fir-tiny4-gpr-window-v1,97194ca32110e32955f37bdc070d1b49a0741f2f,b43cf6f34d41cfd82528add4169c48a1cae161f1cf12eb0835823b7395303358,capture2:B128:N32,accepted_with_user_allowance,2868.2265625,CMSIS=2993.2421875;delta=-125.015625;allowance=2;strict_parity=True;pair/T9 pass,AC6 6.24,-O3 -ffast-math -fno-lto -mexecute-only,runs/fir-r10/final-capture-2/report.json
fir-tiny4-gpr-window-v1,97194ca32110e32955f37bdc070d1b49a0741f2f,b43cf6f34d41cfd82528add4169c48a1cae161f1cf12eb0835823b7395303358,capture2:B128:N33,accepted_with_user_allowance,3130.2265625,CMSIS=3437.2421875;delta=-307.015625;allowance=2;strict_parity=True;pair/T9 pass,AC6 6.24,-O3 -ffast-math -fno-lto -mexecute-only,runs/fir-r10/final-capture-2/report.json
fir-tiny4-gpr-window-v1,97194ca32110e32955f37bdc070d1b49a0741f2f,b43cf6f34d41cfd82528add4169c48a1cae161f1cf12eb0835823b7395303358,capture2:B128:N64,accepted_with_user_allowance,5653.2265625,CMSIS=5841.2421875;delta=-188.015625;allowance=2;strict_parity=True;pair/T9 pass,AC6 6.24,-O3 -ffast-math -fno-lto -mexecute-only,runs/fir-r10/final-capture-2/report.json
fir-tiny4-gpr-window-v1,97194ca32110e32955f37bdc070d1b49a0741f2f,b43cf6f34d41cfd82528add4169c48a1cae161f1cf12eb0835823b7395303358,capture2:B128:N128,accepted_with_user_allowance,10850.2265625,CMSIS=11537.2421875;delta=-687.015625;allowance=2;strict_parity=True;pair/T9 pass,AC6 6.24,-O3 -ffast-math -fno-lto -mexecute-only,runs/fir-r10/final-capture-2/report.json
fir-tiny4-gpr-window-v1,97194ca32110e32955f37bdc070d1b49a0741f2f,b43cf6f34d41cfd82528add4169c48a1cae161f1cf12eb0835823b7395303358,capture2:B129:N1,accepted_with_user_allowance,193.048828125,CMSIS=568.05078125;delta=-375.001953125;allowance=2;strict_parity=True;pair/T9 pass,AC6 6.24,-O3 -ffast-math -fno-lto -mexecute-only,runs/fir-r10/final-capture-2/report.json
fir-tiny4-gpr-window-v1,97194ca32110e32955f37bdc070d1b49a0741f2f,b43cf6f34d41cfd82528add4169c48a1cae161f1cf12eb0835823b7395303358,capture2:B129:N2,accepted_with_user_allowance,266.07421875,CMSIS=568.078125;delta=-302.00390625;allowance=2;strict_parity=True;pair/T9 pass,AC6 6.24,-O3 -ffast-math -fno-lto -mexecute-only,runs/fir-r10/final-capture-2/report.json
fir-tiny4-gpr-window-v1,97194ca32110e32955f37bdc070d1b49a0741f2f,b43cf6f34d41cfd82528add4169c48a1cae161f1cf12eb0835823b7395303358,capture2:B129:N3,accepted_with_user_allowance,337.07421875,CMSIS=535.078125;delta=-198.00390625;allowance=2;strict_parity=True;pair/T9 pass,AC6 6.24,-O3 -ffast-math -fno-lto -mexecute-only,runs/fir-r10/final-capture-2/report.json
fir-tiny4-gpr-window-v1,97194ca32110e32955f37bdc070d1b49a0741f2f,b43cf6f34d41cfd82528add4169c48a1cae161f1cf12eb0835823b7395303358,capture2:B129:N4,accepted_with_user_allowance,414.125,CMSIS=568.1328125;delta=-154.0078125;allowance=2;strict_parity=True;pair/T9 pass,AC6 6.24,-O3 -ffast-math -fno-lto -mexecute-only,runs/fir-r10/final-capture-2/report.json
fir-tiny4-gpr-window-v1,97194ca32110e32955f37bdc070d1b49a0741f2f,b43cf6f34d41cfd82528add4169c48a1cae161f1cf12eb0835823b7395303358,capture2:B129:N5,accepted_with_user_allowance,477.125,CMSIS=764.1328125;delta=-287.0078125;allowance=2;strict_parity=True;pair/T9 pass,AC6 6.24,-O3 -ffast-math -fno-lto -mexecute-only,runs/fir-r10/final-capture-2/report.json
fir-tiny4-gpr-window-v1,97194ca32110e32955f37bdc070d1b49a0741f2f,b43cf6f34d41cfd82528add4169c48a1cae161f1cf12eb0835823b7395303358,capture2:B129:N6,accepted_with_user_allowance,553.125,CMSIS=740.1328125;delta=-187.0078125;allowance=2;strict_parity=True;pair/T9 pass,AC6 6.24,-O3 -ffast-math -fno-lto -mexecute-only,runs/fir-r10/final-capture-2/report.json
fir-tiny4-gpr-window-v1,97194ca32110e32955f37bdc070d1b49a0741f2f,b43cf6f34d41cfd82528add4169c48a1cae161f1cf12eb0835823b7395303358,capture2:B129:N7,accepted_with_user_allowance,589.125,CMSIS=771.1328125;delta=-182.0078125;allowance=2;strict_parity=True;pair/T9 pass,AC6 6.24,-O3 -ffast-math -fno-lto -mexecute-only,runs/fir-r10/final-capture-2/report.json
fir-tiny4-gpr-window-v1,97194ca32110e32955f37bdc070d1b49a0741f2f,b43cf6f34d41cfd82528add4169c48a1cae161f1cf12eb0835823b7395303358,capture2:B129:N8,accepted_with_user_allowance,698.125,CMSIS=771.1328125;delta=-73.0078125;allowance=2;strict_parity=True;pair/T9 pass,AC6 6.24,-O3 -ffast-math -fno-lto -mexecute-only,runs/fir-r10/final-capture-2/report.json
fir-tiny4-gpr-window-v1,97194ca32110e32955f37bdc070d1b49a0741f2f,b43cf6f34d41cfd82528add4169c48a1cae161f1cf12eb0835823b7395303358,capture2:B129:N9,accepted_with_user_allowance,1019.2265625,CMSIS=1329.2421875;delta=-310.015625;allowance=2;strict_parity=True;pair/T9 pass,AC6 6.24,-O3 -ffast-math -fno-lto -mexecute-only,runs/fir-r10/final-capture-2/report.json
fir-tiny4-gpr-window-v1,97194ca32110e32955f37bdc070d1b49a0741f2f,b43cf6f34d41cfd82528add4169c48a1cae161f1cf12eb0835823b7395303358,capture2:B129:N15,accepted_with_user_allowance,1508.2265625,CMSIS=1606.2421875;delta=-98.015625;allowance=2;strict_parity=True;pair/T9 pass,AC6 6.24,-O3 -ffast-math -fno-lto -mexecute-only,runs/fir-r10/final-capture-2/report.json
fir-tiny4-gpr-window-v1,97194ca32110e32955f37bdc070d1b49a0741f2f,b43cf6f34d41cfd82528add4169c48a1cae161f1cf12eb0835823b7395303358,capture2:B129:N16,accepted_with_user_allowance,1575.2265625,CMSIS=1606.2421875;delta=-31.015625;allowance=2;strict_parity=True;pair/T9 pass,AC6 6.24,-O3 -ffast-math -fno-lto -mexecute-only,runs/fir-r10/final-capture-2/report.json
fir-tiny4-gpr-window-v1,97194ca32110e32955f37bdc070d1b49a0741f2f,b43cf6f34d41cfd82528add4169c48a1cae161f1cf12eb0835823b7395303358,capture2:B129:N17,accepted_with_user_allowance,1677.2265625,CMSIS=2068.2421875;delta=-391.015625;allowance=2;strict_parity=True;pair/T9 pass,AC6 6.24,-O3 -ffast-math -fno-lto -mexecute-only,runs/fir-r10/final-capture-2/report.json
fir-tiny4-gpr-window-v1,97194ca32110e32955f37bdc070d1b49a0741f2f,b43cf6f34d41cfd82528add4169c48a1cae161f1cf12eb0835823b7395303358,capture2:B129:N31,accepted_with_user_allowance,2834.2265625,CMSIS=3079.2421875;delta=-245.015625;allowance=2;strict_parity=True;pair/T9 pass,AC6 6.24,-O3 -ffast-math -fno-lto -mexecute-only,runs/fir-r10/final-capture-2/report.json
fir-tiny4-gpr-window-v1,97194ca32110e32955f37bdc070d1b49a0741f2f,b43cf6f34d41cfd82528add4169c48a1cae161f1cf12eb0835823b7395303358,capture2:B129:N32,accepted_with_user_allowance,2920.2265625,CMSIS=3079.2421875;delta=-159.015625;allowance=2;strict_parity=True;pair/T9 pass,AC6 6.24,-O3 -ffast-math -fno-lto -mexecute-only,runs/fir-r10/final-capture-2/report.json
fir-tiny4-gpr-window-v1,97194ca32110e32955f37bdc070d1b49a0741f2f,b43cf6f34d41cfd82528add4169c48a1cae161f1cf12eb0835823b7395303358,capture2:B129:N33,accepted_with_user_allowance,3293.2265625,CMSIS=3534.2421875;delta=-241.015625;allowance=2;strict_parity=True;pair/T9 pass,AC6 6.24,-O3 -ffast-math -fno-lto -mexecute-only,runs/fir-r10/final-capture-2/report.json
fir-tiny4-gpr-window-v1,97194ca32110e32955f37bdc070d1b49a0741f2f,b43cf6f34d41cfd82528add4169c48a1cae161f1cf12eb0835823b7395303358,capture2:B129:N64,accepted_with_user_allowance,5578.2265625,CMSIS=6011.2421875;delta=-433.015625;allowance=2;strict_parity=True;pair/T9 pass,AC6 6.24,-O3 -ffast-math -fno-lto -mexecute-only,runs/fir-r10/final-capture-2/report.json
fir-tiny4-gpr-window-v1,97194ca32110e32955f37bdc070d1b49a0741f2f,b43cf6f34d41cfd82528add4169c48a1cae161f1cf12eb0835823b7395303358,capture2:B129:N128,accepted_with_user_allowance,11225.2265625,CMSIS=11875.2421875;delta=-650.015625;allowance=2;strict_parity=True;pair/T9 pass,AC6 6.24,-O3 -ffast-math -fno-lto -mexecute-only,runs/fir-r10/final-capture-2/report.json
fir-tiny4-gpr-window-v1,97194ca32110e32955f37bdc070d1b49a0741f2f,b43cf6f34d41cfd82528add4169c48a1cae161f1cf12eb0835823b7395303358,capture2:B256:N1,accepted_with_user_allowance,348.07421875,CMSIS=1066.078125;delta=-718.00390625;allowance=2;strict_parity=True;pair/T9 pass,AC6 6.24,-O3 -ffast-math -fno-lto -mexecute-only,runs/fir-r10/final-capture-2/report.json
fir-tiny4-gpr-window-v1,97194ca32110e32955f37bdc070d1b49a0741f2f,b43cf6f34d41cfd82528add4169c48a1cae161f1cf12eb0835823b7395303358,capture2:B256:N2,accepted_with_user_allowance,487.125,CMSIS=1066.1328125;delta=-579.0078125;allowance=2;strict_parity=True;pair/T9 pass,AC6 6.24,-O3 -ffast-math -fno-lto -mexecute-only,runs/fir-r10/final-capture-2/report.json
fir-tiny4-gpr-window-v1,97194ca32110e32955f37bdc070d1b49a0741f2f,b43cf6f34d41cfd82528add4169c48a1cae161f1cf12eb0835823b7395303358,capture2:B256:N3,accepted_with_user_allowance,613.125,CMSIS=1002.1328125;delta=-389.0078125;allowance=2;strict_parity=True;pair/T9 pass,AC6 6.24,-O3 -ffast-math -fno-lto -mexecute-only,runs/fir-r10/final-capture-2/report.json
fir-tiny4-gpr-window-v1,97194ca32110e32955f37bdc070d1b49a0741f2f,b43cf6f34d41cfd82528add4169c48a1cae161f1cf12eb0835823b7395303358,capture2:B256:N4,accepted_with_user_allowance,746.125,CMSIS=1066.1328125;delta=-320.0078125;allowance=2;strict_parity=True;pair/T9 pass,AC6 6.24,-O3 -ffast-math -fno-lto -mexecute-only,runs/fir-r10/final-capture-2/report.json
fir-tiny4-gpr-window-v1,97194ca32110e32955f37bdc070d1b49a0741f2f,b43cf6f34d41cfd82528add4169c48a1cae161f1cf12eb0835823b7395303358,capture2:B256:N5,accepted_with_user_allowance,880.2265625,CMSIS=1474.2421875;delta=-594.015625;allowance=2;strict_parity=True;pair/T9 pass,AC6 6.24,-O3 -ffast-math -fno-lto -mexecute-only,runs/fir-r10/final-capture-2/report.json
fir-tiny4-gpr-window-v1,97194ca32110e32955f37bdc070d1b49a0741f2f,b43cf6f34d41cfd82528add4169c48a1cae161f1cf12eb0835823b7395303358,capture2:B256:N6,accepted_with_user_allowance,1018.2265625,CMSIS=1481.2421875;delta=-463.015625;allowance=2;strict_parity=True;pair/T9 pass,AC6 6.24,-O3 -ffast-math -fno-lto -mexecute-only,runs/fir-r10/final-capture-2/report.json
fir-tiny4-gpr-window-v1,97194ca32110e32955f37bdc070d1b49a0741f2f,b43cf6f34d41cfd82528add4169c48a1cae161f1cf12eb0835823b7395303358,capture2:B256:N7,accepted_with_user_allowance,1085.2265625,CMSIS=1419.2421875;delta=-334.015625;allowance=2;strict_parity=True;pair/T9 pass,AC6 6.24,-O3 -ffast-math -fno-lto -mexecute-only,runs/fir-r10/final-capture-2/report.json
fir-tiny4-gpr-window-v1,97194ca32110e32955f37bdc070d1b49a0741f2f,b43cf6f34d41cfd82528add4169c48a1cae161f1cf12eb0835823b7395303358,capture2:B256:N8,accepted_with_user_allowance,1287.2265625,CMSIS=1481.2421875;delta=-194.015625;allowance=2;strict_parity=True;pair/T9 pass,AC6 6.24,-O3 -ffast-math -fno-lto -mexecute-only,runs/fir-r10/final-capture-2/report.json
fir-tiny4-gpr-window-v1,97194ca32110e32955f37bdc070d1b49a0741f2f,b43cf6f34d41cfd82528add4169c48a1cae161f1cf12eb0835823b7395303358,capture2:B256:N9,accepted_with_user_allowance,1845.2265625,CMSIS=2479.2421875;delta=-634.015625;allowance=2;strict_parity=True;pair/T9 pass,AC6 6.24,-O3 -ffast-math -fno-lto -mexecute-only,runs/fir-r10/final-capture-2/report.json
fir-tiny4-gpr-window-v1,97194ca32110e32955f37bdc070d1b49a0741f2f,b43cf6f34d41cfd82528add4169c48a1cae161f1cf12eb0835823b7395303358,capture2:B256:N15,accepted_with_user_allowance,2808.2265625,CMSIS=2940.2421875;delta=-132.015625;allowance=2;strict_parity=True;pair/T9 pass,AC6 6.24,-O3 -ffast-math -fno-lto -mexecute-only,runs/fir-r10/final-capture-2/report.json
fir-tiny4-gpr-window-v1,97194ca32110e32955f37bdc070d1b49a0741f2f,b43cf6f34d41cfd82528add4169c48a1cae161f1cf12eb0835823b7395303358,capture2:B256:N16,accepted_with_user_allowance,2930.2265625,CMSIS=3002.2421875;delta=-72.015625;allowance=2;strict_parity=True;pair/T9 pass,AC6 6.24,-O3 -ffast-math -fno-lto -mexecute-only,runs/fir-r10/final-capture-2/report.json
fir-tiny4-gpr-window-v1,97194ca32110e32955f37bdc070d1b49a0741f2f,b43cf6f34d41cfd82528add4169c48a1cae161f1cf12eb0835823b7395303358,capture2:B256:N17,accepted_with_user_allowance,3135.2265625,CMSIS=3869.2421875;delta=-734.015625;allowance=2;strict_parity=True;pair/T9 pass,AC6 6.24,-O3 -ffast-math -fno-lto -mexecute-only,runs/fir-r10/final-capture-2/report.json
fir-tiny4-gpr-window-v1,97194ca32110e32955f37bdc070d1b49a0741f2f,b43cf6f34d41cfd82528add4169c48a1cae161f1cf12eb0835823b7395303358,capture2:B256:N31,accepted_with_user_allowance,5394.2265625,CMSIS=5715.2421875;delta=-321.015625;allowance=2;strict_parity=True;pair/T9 pass,AC6 6.24,-O3 -ffast-math -fno-lto -mexecute-only,runs/fir-r10/final-capture-2/report.json
fir-tiny4-gpr-window-v1,97194ca32110e32955f37bdc070d1b49a0741f2f,b43cf6f34d41cfd82528add4169c48a1cae161f1cf12eb0835823b7395303358,capture2:B256:N32,accepted_with_user_allowance,5572.2265625,CMSIS=5777.2421875;delta=-205.015625;allowance=2;strict_parity=True;pair/T9 pass,AC6 6.24,-O3 -ffast-math -fno-lto -mexecute-only,runs/fir-r10/final-capture-2/report.json
fir-tiny4-gpr-window-v1,97194ca32110e32955f37bdc070d1b49a0741f2f,b43cf6f34d41cfd82528add4169c48a1cae161f1cf12eb0835823b7395303358,capture2:B256:N33,accepted_with_user_allowance,6192.2265625,CMSIS=6637.2421875;delta=-445.015625;allowance=2;strict_parity=True;pair/T9 pass,AC6 6.24,-O3 -ffast-math -fno-lto -mexecute-only,runs/fir-r10/final-capture-2/report.json
fir-tiny4-gpr-window-v1,97194ca32110e32955f37bdc070d1b49a0741f2f,b43cf6f34d41cfd82528add4169c48a1cae161f1cf12eb0835823b7395303358,capture2:B256:N64,accepted_with_user_allowance,10771.2265625,CMSIS=11313.2421875;delta=-542.015625;allowance=2;strict_parity=True;pair/T9 pass,AC6 6.24,-O3 -ffast-math -fno-lto -mexecute-only,runs/fir-r10/final-capture-2/report.json
fir-tiny4-gpr-window-v1,97194ca32110e32955f37bdc070d1b49a0741f2f,b43cf6f34d41cfd82528add4169c48a1cae161f1cf12eb0835823b7395303358,capture2:B256:N128,accepted_with_user_allowance,21632.2265625,CMSIS=22385.25;delta=-753.0234375;allowance=2;strict_parity=True;pair/T9 pass,AC6 6.24,-O3 -ffast-math -fno-lto -mexecute-only,runs/fir-r10/final-capture-2/report.json
fir-tiny4-gpr-window-v1,97194ca32110e32955f37bdc070d1b49a0741f2f,b43cf6f34d41cfd82528add4169c48a1cae161f1cf12eb0835823b7395303358,capture2:B512:N1,accepted_with_user_allowance,668.125,CMSIS=2090.1328125;delta=-1422.0078125;allowance=2;strict_parity=True;pair/T9 pass,AC6 6.24,-O3 -ffast-math -fno-lto -mexecute-only,runs/fir-r10/final-capture-2/report.json
fir-tiny4-gpr-window-v1,97194ca32110e32955f37bdc070d1b49a0741f2f,b43cf6f34d41cfd82528add4169c48a1cae161f1cf12eb0835823b7395303358,capture2:B512:N2,accepted_with_user_allowance,935.2265625,CMSIS=2090.2421875;delta=-1155.015625;allowance=2;strict_parity=True;pair/T9 pass,AC6 6.24,-O3 -ffast-math -fno-lto -mexecute-only,runs/fir-r10/final-capture-2/report.json
fir-tiny4-gpr-window-v1,97194ca32110e32955f37bdc070d1b49a0741f2f,b43cf6f34d41cfd82528add4169c48a1cae161f1cf12eb0835823b7395303358,capture2:B512:N3,accepted_with_user_allowance,1189.2265625,CMSIS=1962.2421875;delta=-773.015625;allowance=2;strict_parity=True;pair/T9 pass,AC6 6.24,-O3 -ffast-math -fno-lto -mexecute-only,runs/fir-r10/final-capture-2/report.json
fir-tiny4-gpr-window-v1,97194ca32110e32955f37bdc070d1b49a0741f2f,b43cf6f34d41cfd82528add4169c48a1cae161f1cf12eb0835823b7395303358,capture2:B512:N4,accepted_with_user_allowance,1450.2265625,CMSIS=2090.2421875;delta=-640.015625;allowance=2;strict_parity=True;pair/T9 pass,AC6 6.24,-O3 -ffast-math -fno-lto -mexecute-only,runs/fir-r10/final-capture-2/report.json
fir-tiny4-gpr-window-v1,97194ca32110e32955f37bdc070d1b49a0741f2f,b43cf6f34d41cfd82528add4169c48a1cae161f1cf12eb0835823b7395303358,capture2:B512:N5,accepted_with_user_allowance,1712.2265625,CMSIS=2882.2421875;delta=-1170.015625;allowance=2;strict_parity=True;pair/T9 pass,AC6 6.24,-O3 -ffast-math -fno-lto -mexecute-only,runs/fir-r10/final-capture-2/report.json
fir-tiny4-gpr-window-v1,97194ca32110e32955f37bdc070d1b49a0741f2f,b43cf6f34d41cfd82528add4169c48a1cae161f1cf12eb0835823b7395303358,capture2:B512:N6,accepted_with_user_allowance,1978.2265625,CMSIS=2889.2421875;delta=-911.015625;allowance=2;strict_parity=True;pair/T9 pass,AC6 6.24,-O3 -ffast-math -fno-lto -mexecute-only,runs/fir-r10/final-capture-2/report.json
fir-tiny4-gpr-window-v1,97194ca32110e32955f37bdc070d1b49a0741f2f,b43cf6f34d41cfd82528add4169c48a1cae161f1cf12eb0835823b7395303358,capture2:B512:N7,accepted_with_user_allowance,2109.2265625,CMSIS=2763.2421875;delta=-654.015625;allowance=2;strict_parity=True;pair/T9 pass,AC6 6.24,-O3 -ffast-math -fno-lto -mexecute-only,runs/fir-r10/final-capture-2/report.json
fir-tiny4-gpr-window-v1,97194ca32110e32955f37bdc070d1b49a0741f2f,b43cf6f34d41cfd82528add4169c48a1cae161f1cf12eb0835823b7395303358,capture2:B512:N8,accepted_with_user_allowance,2503.2265625,CMSIS=2889.2421875;delta=-386.015625;allowance=2;strict_parity=True;pair/T9 pass,AC6 6.24,-O3 -ffast-math -fno-lto -mexecute-only,runs/fir-r10/final-capture-2/report.json
fir-tiny4-gpr-window-v1,97194ca32110e32955f37bdc070d1b49a0741f2f,b43cf6f34d41cfd82528add4169c48a1cae161f1cf12eb0835823b7395303358,capture2:B512:N9,accepted_with_user_allowance,3573.2265625,CMSIS=4847.2421875;delta=-1274.015625;allowance=2;strict_parity=True;pair/T9 pass,AC6 6.24,-O3 -ffast-math -fno-lto -mexecute-only,runs/fir-r10/final-capture-2/report.json
fir-tiny4-gpr-window-v1,97194ca32110e32955f37bdc070d1b49a0741f2f,b43cf6f34d41cfd82528add4169c48a1cae161f1cf12eb0835823b7395303358,capture2:B512:N15,accepted_with_user_allowance,5496.2265625,CMSIS=5756.2421875;delta=-260.015625;allowance=2;strict_parity=True;pair/T9 pass,AC6 6.24,-O3 -ffast-math -fno-lto -mexecute-only,runs/fir-r10/final-capture-2/report.json
fir-tiny4-gpr-window-v1,97194ca32110e32955f37bdc070d1b49a0741f2f,b43cf6f34d41cfd82528add4169c48a1cae161f1cf12eb0835823b7395303358,capture2:B512:N16,accepted_with_user_allowance,5762.2265625,CMSIS=5882.2421875;delta=-120.015625;allowance=2;strict_parity=True;pair/T9 pass,AC6 6.24,-O3 -ffast-math -fno-lto -mexecute-only,runs/fir-r10/final-capture-2/report.json
fir-tiny4-gpr-window-v1,97194ca32110e32955f37bdc070d1b49a0741f2f,b43cf6f34d41cfd82528add4169c48a1cae161f1cf12eb0835823b7395303358,capture2:B512:N17,accepted_with_user_allowance,6143.2265625,CMSIS=7581.2421875;delta=-1438.015625;allowance=2;strict_parity=True;pair/T9 pass,AC6 6.24,-O3 -ffast-math -fno-lto -mexecute-only,runs/fir-r10/final-capture-2/report.json
fir-tiny4-gpr-window-v1,97194ca32110e32955f37bdc070d1b49a0741f2f,b43cf6f34d41cfd82528add4169c48a1cae161f1cf12eb0835823b7395303358,capture2:B512:N31,accepted_with_user_allowance,10642.2265625,CMSIS=11219.2421875;delta=-577.015625;allowance=2;strict_parity=True;pair/T9 pass,AC6 6.24,-O3 -ffast-math -fno-lto -mexecute-only,runs/fir-r10/final-capture-2/report.json
fir-tiny4-gpr-window-v1,97194ca32110e32955f37bdc070d1b49a0741f2f,b43cf6f34d41cfd82528add4169c48a1cae161f1cf12eb0835823b7395303358,capture2:B512:N32,accepted_with_user_allowance,10980.2265625,CMSIS=11345.2421875;delta=-365.015625;allowance=2;strict_parity=True;pair/T9 pass,AC6 6.24,-O3 -ffast-math -fno-lto -mexecute-only,runs/fir-r10/final-capture-2/report.json
fir-tiny4-gpr-window-v1,97194ca32110e32955f37bdc070d1b49a0741f2f,b43cf6f34d41cfd82528add4169c48a1cae161f1cf12eb0835823b7395303358,capture2:B512:N33,accepted_with_user_allowance,12316.2265625,CMSIS=13037.2421875;delta=-721.015625;allowance=2;strict_parity=True;pair/T9 pass,AC6 6.24,-O3 -ffast-math -fno-lto -mexecute-only,runs/fir-r10/final-capture-2/report.json
fir-tiny4-gpr-window-v1,97194ca32110e32955f37bdc070d1b49a0741f2f,b43cf6f34d41cfd82528add4169c48a1cae161f1cf12eb0835823b7395303358,capture2:B512:N64,accepted_with_user_allowance,21315.2265625,CMSIS=22257.25;delta=-942.0234375;allowance=2;strict_parity=True;pair/T9 pass,AC6 6.24,-O3 -ffast-math -fno-lto -mexecute-only,runs/fir-r10/final-capture-2/report.json
fir-tiny4-gpr-window-v1,97194ca32110e32955f37bdc070d1b49a0741f2f,b43cf6f34d41cfd82528add4169c48a1cae161f1cf12eb0835823b7395303358,capture2:B512:N128,accepted_with_user_allowance,43196.234375,CMSIS=44081.25;delta=-885.015625;allowance=2;strict_parity=True;pair/T9 pass,AC6 6.24,-O3 -ffast-math -fno-lto -mexecute-only,runs/fir-r10/final-capture-2/report.json
